Date;24010 - International Investment Position - Net - US$ (million)
4° Quar.2001;-261,834
1° Quar.2002;-270,295
2° Quar.2002;-246,180
3° Quar.2002;-208,050
4° Quar.2002;-227,082
1° Quar.2003;-233,793
2° Quar.2003;-253,786
3° Quar.2003;-255,013
4° Quar.2003;-267,167
1° Quar.2004;-265,208
2° Quar.2004;-244,992
3° Quar.2004;-262,936
4° Quar.2004;-281,497
1° Quar.2005;-282,017
2° Quar.2005;-296,042
3° Quar.2005;-335,459
4° Quar.2005;-299,222
1° Quar.2006;-335,387
2° Quar.2006;-323,664
3° Quar.2006;-317,731
4° Quar.2006;-349,897
1° Quar.2007;-359,864
2° Quar.2007;-417,614
3° Quar.2007;-465,097
4° Quar.2007;-495,454
1° Quar.2008;-478,595
2° Quar.2008;-576,593
3° Quar.2008;-362,059
4° Quar.2008;-243,106
1° Quar.2009;-273,042
2° Quar.2009;-395,508
3° Quar.2009;-503,032
4° Quar.2009;-559,113
1° Quar.2010;-568,120
2° Quar.2010;-543,640
3° Quar.2010;-665,764
4° Quar.2010;-906,164
1° Quar.2011;-976,104
2° Quar.2011;-1,001,012
3° Quar.2011;-762,616
4° Quar.2011;-820,350
1° Quar.2012;-903,151
2° Quar.2012;-741,541
3° Quar.2012;-776,609
4° Quar.2012;-794,826
1° Quar.2013;-836,121
2° Quar.2013;-734,370
3° Quar.2013;-766,847
4° Quar.2013;-723,914
1° Quar.2014;-786,069
2° Quar.2014;-857,282
3° Quar.2014;-820,583
4° Quar.2014;-705,914
1° Quar.2015;-582,953
2° Quar.2015;-641,795
3° Quar.2015;-395,334
4° Quar.2015;-374,684
1° Quar.2016;-460,953
2° Quar.2016;-558,236
3° Quar.2016;-583,463
4° Quar.2016;-566,633
1° Quar.2017;-617,779
2° Quar.2017;-575,266
3° Quar.2017;-673,149
4° Quar.2017;-645,227
1° Quar.2018;-722,216
2° Quar.2018;-498,777
3° Quar.2018;-509,510
4° Quar.2018;-595,353
1° Quar.2019;-634,638
2° Quar.2019;-689,021
3° Quar.2019;-643,453
4° Quar.2019;-785,695
1° Quar.2020;-424,911
2° Quar.2020;-428,042
3° Quar.2020;-386,737
4° Quar.2020;-552,196
1° Quar.2021;-486,480
2° Quar.2021;-634,692
3° Quar.2021;-491,745
4° Quar.2021;-601,117
1° Quar.2022;-865,628
2° Quar.2022;-711,154
3° Quar.2022;-732,396
4° Quar.2022;-823,033
1° Quar.2023;-841,086
2° Quar.2023;-943,623
3° Quar.2023;-910,041
4° Quar.2023;-1,100,938
1° Quar.2024;-1,044,585
2° Quar.2024;-876,311
3° Quar.2024;-933,164
4° Quar.2024;-835,163
1° Quar.2025;-968,166
2° Quar.2025;-1,061,090
3° Quar.2025;-1,138,244
4° Quar.2025;-1,125,816
1° Quar.2026;-1,292,850
Source;BCB-DSTAT
