Orden,cuenta,cuenta_nombre,lado,signo,codigo,nombre,etiqueta,ruta
10,1,Cuenta corriente,,1,1.A.a.1,Mercancías generales según la BP,Bienes y servicios / Bienes / Mercancías generales según la BP,Bienes y servicios / Bienes / Mercancías generales según la BP
15,1,Cuenta corriente,,1,1.A.a.2.1,Bienes adquiridos en virtud de compraventa (crédito negativo),Bienes y servicios / Bienes / Exportaciones netas de bienes en compraventa (crédito) / Bienes adquiridos en virtud de compraventa (crédito negativo),Bienes y servicios / Bienes / Exportaciones netas de bienes en compraventa (crédito) / Bienes adquiridos en virtud de compraventa (crédito negativo)
16,1,Cuenta corriente,,1,1.A.a.2.2,Bienes vendidos en virtud de compraventa,Bienes y servicios / Bienes / Exportaciones netas de bienes en compraventa (crédito) / Bienes vendidos en virtud de compraventa,Bienes y servicios / Bienes / Exportaciones netas de bienes en compraventa (crédito) / Bienes vendidos en virtud de compraventa
17,1,Cuenta corriente,,1,1.A.a.3,Oro no monetario,Bienes y servicios / Bienes / Oro no monetario,Bienes y servicios / Bienes / Oro no monetario
23,1,Cuenta corriente,,1,1.A.b.1,Servicios de manufactura sobre insumos físicos pertenecientes a otros,Bienes y servicios / Servicios / Servicios de manufactura sobre insumos físicos pertenecientes a otros,Bienes y servicios / Servicios / Servicios de manufactura sobre insumos físicos pertenecientes a otros
32,1,Cuenta corriente,,1,1.A.b.2,Mantenimiento y reparaciones n.i.o.p. *,Bienes y servicios / Servicios / Mantenimiento y reparaciones n.i.o.p. *,Bienes y servicios / Servicios / Mantenimiento y reparaciones n.i.o.p. *
53,1,Cuenta corriente,,1,1.A.b.3.1.1,Pasajeros,Bienes y servicios / Servicios / Transporte / Transporte marítimo / Pasajeros,Bienes y servicios / Servicios / Transporte / Transporte marítimo / Pasajeros
59,1,Cuenta corriente,,1,1.A.b.3.1.2,Flete,Bienes y servicios / Servicios / Transporte / Transporte marítimo / Flete,Bienes y servicios / Servicios / Transporte / Transporte marítimo / Flete
62,1,Cuenta corriente,,1,1.A.b.3.1.3,Otros,Bienes y servicios / Servicios / Transporte / Transporte marítimo / Otros,Bienes y servicios / Servicios / Transporte / Transporte marítimo / Otros
68,1,Cuenta corriente,,1,1.A.b.3.2.1,Pasajeros,Bienes y servicios / Servicios / Transporte / Transporte aéreo / Pasajeros,Bienes y servicios / Servicios / Transporte / Transporte aéreo / Pasajeros
74,1,Cuenta corriente,,1,1.A.b.3.2.2,Flete,Bienes y servicios / Servicios / Transporte / Transporte aéreo / Flete,Bienes y servicios / Servicios / Transporte / Transporte aéreo / Flete
77,1,Cuenta corriente,,1,1.A.b.3.2.3,Otros,Bienes y servicios / Servicios / Transporte / Transporte aéreo / Otros,Bienes y servicios / Servicios / Transporte / Transporte aéreo / Otros
83,1,Cuenta corriente,,1,1.A.b.3.3.1,Pasajeros,Bienes y servicios / Servicios / Transporte / Otras modalidades de transporte / Pasajeros,Bienes y servicios / Servicios / Transporte / Otras modalidades de transporte / Pasajeros
89,1,Cuenta corriente,,1,1.A.b.3.3.2,Flete,Bienes y servicios / Servicios / Transporte / Otras modalidades de transporte / Flete,Bienes y servicios / Servicios / Transporte / Otras modalidades de transporte / Flete
92,1,Cuenta corriente,,1,1.A.b.3.3.3,Otros,Bienes y servicios / Servicios / Transporte / Otras modalidades de transporte / Otros,Bienes y servicios / Servicios / Transporte / Otras modalidades de transporte / Otros
95,1,Cuenta corriente,,1,1.A.b.3.4,Servicios postales y de mensajería,Bienes y servicios / Servicios / Transporte / Servicios postales y de mensajería,Bienes y servicios / Servicios / Transporte / Servicios postales y de mensajería
104,1,Cuenta corriente,,1,1.A.b.4.1.1,"Adquisición de bienes y servicios por trabajadores fronterizos, de temporada y otros trabajadores temporales","Bienes y servicios / Servicios / Viajes / De negocios / Adquisición de bienes y servicios por trabajadores fronterizos, de temporada y otros trabajadores temporales","Bienes y servicios / Servicios / Viajes / De negocios / Adquisición de bienes y servicios por trabajadores fronterizos, de temporada y otros trabajadores temporales"
107,1,Cuenta corriente,,1,1.A.b.4.1.2,Otros,Bienes y servicios / Servicios / Viajes / De negocios / Otros,Bienes y servicios / Servicios / Viajes / De negocios / Otros
113,1,Cuenta corriente,,1,1.A.b.4.2.1,Por motivos de salud,Bienes y servicios / Servicios / Viajes / Personales / Por motivos de salud,Bienes y servicios / Servicios / Viajes / Personales / Por motivos de salud
116,1,Cuenta corriente,,1,1.A.b.4.2.2,Por motivos de educación,Bienes y servicios / Servicios / Viajes / Personales / Por motivos de educación,Bienes y servicios / Servicios / Viajes / Personales / Por motivos de educación
119,1,Cuenta corriente,,1,1.A.b.4.2.3,Otros,Bienes y servicios / Servicios / Viajes / Personales / Otros,Bienes y servicios / Servicios / Viajes / Personales / Otros
146,1,Cuenta corriente,,1,1.A.b.5.1,Construcción en el extranjero,Bienes y servicios / Servicios / Construcción / Construcción en el extranjero,Bienes y servicios / Servicios / Construcción / Construcción en el extranjero
149,1,Cuenta corriente,,1,1.A.b.5.2,Construcción en la economía declarante,Bienes y servicios / Servicios / Construcción / Construcción en la economía declarante,Bienes y servicios / Servicios / Construcción / Construcción en la economía declarante
155,1,Cuenta corriente,,1,1.A.b.6.1,Seguros directos,Bienes y servicios / Servicios / Servicios de seguros y pensiones / Seguros directos,Bienes y servicios / Servicios / Servicios de seguros y pensiones / Seguros directos
158,1,Cuenta corriente,,1,1.A.b.6.2,Reaseguros,Bienes y servicios / Servicios / Servicios de seguros y pensiones / Reaseguros,Bienes y servicios / Servicios / Servicios de seguros y pensiones / Reaseguros
161,1,Cuenta corriente,,1,1.A.b.6.3,Servicios auxiliares de los seguros,Bienes y servicios / Servicios / Servicios de seguros y pensiones / Servicios auxiliares de los seguros,Bienes y servicios / Servicios / Servicios de seguros y pensiones / Servicios auxiliares de los seguros
164,1,Cuenta corriente,,1,1.A.b.6.4,Servicios de pensiones y garantías normalizadas,Bienes y servicios / Servicios / Servicios de seguros y pensiones / Servicios de pensiones y garantías normalizadas,Bienes y servicios / Servicios / Servicios de seguros y pensiones / Servicios de pensiones y garantías normalizadas
170,1,Cuenta corriente,,1,1.A.b.7.1,Servicios que se cobran explícitamente y otros servicios financieros,Bienes y servicios / Servicios / Servicios financieros / Servicios que se cobran explícitamente y otros servicios financieros,Bienes y servicios / Servicios / Servicios financieros / Servicios que se cobran explícitamente y otros servicios financieros
173,1,Cuenta corriente,,1,1.A.b.7.2,Servicios de intermediación financiera medidos indirectamente (SIFMI),Bienes y servicios / Servicios / Servicios financieros / Servicios de intermediación financiera medidos indirectamente (SIFMI),Bienes y servicios / Servicios / Servicios financieros / Servicios de intermediación financiera medidos indirectamente (SIFMI)
176,1,Cuenta corriente,,1,1.A.b.8,Cargos por el uso de la propiedad intelectual n.i.o.p.,Bienes y servicios / Servicios / Cargos por el uso de la propiedad intelectual n.i.o.p.,Bienes y servicios / Servicios / Cargos por el uso de la propiedad intelectual n.i.o.p.
182,1,Cuenta corriente,,1,1.A.b.9.1,Servicios de telecomunicaciones,"Bienes y servicios / Servicios / Servicios de telecomunicaciones, informática e información / Servicios de telecomunicaciones","Bienes y servicios / Servicios / Servicios de telecomunicaciones, informática e información / Servicios de telecomunicaciones"
185,1,Cuenta corriente,,1,1.A.b.9.2,Servicios informáticos,"Bienes y servicios / Servicios / Servicios de telecomunicaciones, informática e información / Servicios informáticos","Bienes y servicios / Servicios / Servicios de telecomunicaciones, informática e información / Servicios informáticos"
188,1,Cuenta corriente,,1,1.A.b.9.3,Servicios de información,"Bienes y servicios / Servicios / Servicios de telecomunicaciones, informática e información / Servicios de información","Bienes y servicios / Servicios / Servicios de telecomunicaciones, informática e información / Servicios de información"
194,1,Cuenta corriente,,1,1.A.b.10.1,Servicios de investigación y desarrollo,Bienes y servicios / Servicios / Otros servicios empresariales / Servicios de investigación y desarrollo,Bienes y servicios / Servicios / Otros servicios empresariales / Servicios de investigación y desarrollo
197,1,Cuenta corriente,,1,1.A.b.10.2,Servicios profesionales y de consultoría en administración de empresas,Bienes y servicios / Servicios / Otros servicios empresariales / Servicios profesionales y de consultoría en administración de empresas,Bienes y servicios / Servicios / Otros servicios empresariales / Servicios profesionales y de consultoría en administración de empresas
200,1,Cuenta corriente,,1,1.A.b.10.3,"Servicios técnicos, relacionados con el comercio y otros servicios empresariales","Bienes y servicios / Servicios / Otros servicios empresariales / Servicios técnicos, relacionados con el comercio y otros servicios empresariales","Bienes y servicios / Servicios / Otros servicios empresariales / Servicios técnicos, relacionados con el comercio y otros servicios empresariales"
206,1,Cuenta corriente,,1,1.A.b.11.1,Servicios audiovisuales y conexos,"Bienes y servicios / Servicios / Servicios personales, culturales y recreativos / Servicios audiovisuales y conexos","Bienes y servicios / Servicios / Servicios personales, culturales y recreativos / Servicios audiovisuales y conexos"
209,1,Cuenta corriente,,1,1.A.b.11.2,"Otros servicios personales, culturales y recreativos","Bienes y servicios / Servicios / Servicios personales, culturales y recreativos / Otros servicios personales, culturales y recreativos","Bienes y servicios / Servicios / Servicios personales, culturales y recreativos / Otros servicios personales, culturales y recreativos"
212,1,Cuenta corriente,,1,1.A.b.12,"Bienes y servicios del gobierno, n.i.o.p.","Bienes y servicios / Servicios / Bienes y servicios del gobierno, n.i.o.p.","Bienes y servicios / Servicios / Bienes y servicios del gobierno, n.i.o.p."
221,1,Cuenta corriente,,1,1.B.1,Remuneración de empleados,Ingreso primario (Renta factorial) / Remuneración de empleados,Ingreso primario (Renta factorial) / Remuneración de empleados
236,1,Cuenta corriente,,1,1.B.2.1.1.1.1,Inversionista directo en empresas de inversión directa,Ingreso primario (Renta factorial) / Renta de la inversión / Inversión directa / Renta procedente de participaciones de capital y participaciones en fondos de inversión / Dividendos y retiros de ingresos de cuasisociedades / Inversionista directo en empresas de inversión directa,Ingreso primario (Renta factorial) / Renta de la inversión / Inversión directa / Renta procedente de participaciones de capital y participaciones en fondos de inversión / Dividendos y retiros de ingresos de cuasisociedades / Inversionista directo en empresas de inversión directa
239,1,Cuenta corriente,,1,1.B.2.1.1.1.2,Empresas de inversión directa en inversionista directo (inversión en sentido contrario),Ingreso primario (Renta factorial) / Renta de la inversión / Inversión directa / Renta procedente de participaciones de capital y participaciones en fondos de inversión / Dividendos y retiros de ingresos de cuasisociedades / Empresas de inversión directa en inversionista directo (inversión en sentido contrario),Ingreso primario (Renta factorial) / Renta de la inversión / Inversión directa / Renta procedente de participaciones de capital y participaciones en fondos de inversión / Dividendos y retiros de ingresos de cuasisociedades / Empresas de inversión directa en inversionista directo (inversión en sentido contrario)
245,1,Cuenta corriente,,1,1.B.2.1.1.1.3.1,si la casa matriz que ejerce el control final es residente,Ingreso primario (Renta factorial) / Renta de la inversión / Inversión directa / Renta procedente de participaciones de capital y participaciones en fondos de inversión / Dividendos y retiros de ingresos de cuasisociedades / Entre empresas emparentadas / si la casa matriz que ejerce el control final es residente,Ingreso primario (Renta factorial) / Renta de la inversión / Inversión directa / Renta procedente de participaciones de capital y participaciones en fondos de inversión / Dividendos y retiros de ingresos de cuasisociedades / Entre empresas emparentadas / si la casa matriz que ejerce el control final es residente
248,1,Cuenta corriente,,1,1.B.2.1.1.1.3.2,si la casa matriz que ejerce el control final es no residente,Ingreso primario (Renta factorial) / Renta de la inversión / Inversión directa / Renta procedente de participaciones de capital y participaciones en fondos de inversión / Dividendos y retiros de ingresos de cuasisociedades / Entre empresas emparentadas / si la casa matriz que ejerce el control final es no residente,Ingreso primario (Renta factorial) / Renta de la inversión / Inversión directa / Renta procedente de participaciones de capital y participaciones en fondos de inversión / Dividendos y retiros de ingresos de cuasisociedades / Entre empresas emparentadas / si la casa matriz que ejerce el control final es no residente
251,1,Cuenta corriente,,1,1.B.2.1.1.1.3.3,si se desconoce la casa matriz que ejerce el control final,Ingreso primario (Renta factorial) / Renta de la inversión / Inversión directa / Renta procedente de participaciones de capital y participaciones en fondos de inversión / Dividendos y retiros de ingresos de cuasisociedades / Entre empresas emparentadas / si se desconoce la casa matriz que ejerce el control final,Ingreso primario (Renta factorial) / Renta de la inversión / Inversión directa / Renta procedente de participaciones de capital y participaciones en fondos de inversión / Dividendos y retiros de ingresos de cuasisociedades / Entre empresas emparentadas / si se desconoce la casa matriz que ejerce el control final
254,1,Cuenta corriente,,1,1.B.2.1.1.2,Utilidades reinvertidas,Ingreso primario (Renta factorial) / Renta de la inversión / Inversión directa / Renta procedente de participaciones de capital y participaciones en fondos de inversión / Utilidades reinvertidas,Ingreso primario (Renta factorial) / Renta de la inversión / Inversión directa / Renta procedente de participaciones de capital y participaciones en fondos de inversión / Utilidades reinvertidas
257,1,Cuenta corriente,,1,,"Renta de la inversión atribuible a titulares de pólizas de seguros, planes de pensiones y garantías normalizadas, y a los accionistas de fondos de inversión","Ingreso primario (Renta factorial) / Renta de la inversión / Inversión directa / Renta procedente de participaciones de capital y participaciones en fondos de inversión / Renta de la inversión atribuible a titulares de pólizas de seguros, planes de pensiones y garantías normalizadas, y a los accionistas de fondos de inversión","Ingreso primario (Renta factorial) / Renta de la inversión / Inversión directa / Renta procedente de participaciones de capital y participaciones en fondos de inversión / Renta de la inversión atribuible a titulares de pólizas de seguros, planes de pensiones y garantías normalizadas, y a los accionistas de fondos de inversión"
266,1,Cuenta corriente,,1,1.B.2.1.2.1,Inversionista directo en empresas de inversión directa,Ingreso primario (Renta factorial) / Renta de la inversión / Inversión directa / Intereses / Inversionista directo en empresas de inversión directa,Ingreso primario (Renta factorial) / Renta de la inversión / Inversión directa / Intereses / Inversionista directo en empresas de inversión directa
269,1,Cuenta corriente,,1,1.B.2.1.2.2,Empresas de inversión directa en inversionista directo (inversión en sentido contrario),Ingreso primario (Renta factorial) / Renta de la inversión / Inversión directa / Intereses / Empresas de inversión directa en inversionista directo (inversión en sentido contrario),Ingreso primario (Renta factorial) / Renta de la inversión / Inversión directa / Intereses / Empresas de inversión directa en inversionista directo (inversión en sentido contrario)
275,1,Cuenta corriente,,1,1.B.2.1.2.3.1,si la casa matriz que ejerce el control final es residente,Ingreso primario (Renta factorial) / Renta de la inversión / Inversión directa / Intereses / Entre empresas emparentadas / si la casa matriz que ejerce el control final es residente,Ingreso primario (Renta factorial) / Renta de la inversión / Inversión directa / Intereses / Entre empresas emparentadas / si la casa matriz que ejerce el control final es residente
278,1,Cuenta corriente,,1,1.B.2.1.2.3.2,si la casa matriz que ejerce el control final es no residente,Ingreso primario (Renta factorial) / Renta de la inversión / Inversión directa / Intereses / Entre empresas emparentadas / si la casa matriz que ejerce el control final es no residente,Ingreso primario (Renta factorial) / Renta de la inversión / Inversión directa / Intereses / Entre empresas emparentadas / si la casa matriz que ejerce el control final es no residente
281,1,Cuenta corriente,,1,1.B.2.1.2.3.3,si se desconoce la casa matriz que ejerce el control final,Ingreso primario (Renta factorial) / Renta de la inversión / Inversión directa / Intereses / Entre empresas emparentadas / si se desconoce la casa matriz que ejerce el control final,Ingreso primario (Renta factorial) / Renta de la inversión / Inversión directa / Intereses / Entre empresas emparentadas / si se desconoce la casa matriz que ejerce el control final
293,1,Cuenta corriente,,1,1.B.2.2.1.1,Dividendos de participaciones de capital excluidas las participaciones en fondos de inversión,Ingreso primario (Renta factorial) / Renta de la inversión / Inversión de cartera / Renta de la inversión procedente de participaciones de capital y participaciones en fondos de inversión / Dividendos de participaciones de capital excluidas las participaciones en fondos de inversión,Ingreso primario (Renta factorial) / Renta de la inversión / Inversión de cartera / Renta de la inversión procedente de participaciones de capital y participaciones en fondos de inversión / Dividendos de participaciones de capital excluidas las participaciones en fondos de inversión
299,1,Cuenta corriente,,1,1.B.2.2.1.2.1,Dividendos,Ingreso primario (Renta factorial) / Renta de la inversión / Inversión de cartera / Renta de la inversión procedente de participaciones de capital y participaciones en fondos de inversión / Renta de la inversión atribuible a accionistas de fondos de inversión / Dividendos,Ingreso primario (Renta factorial) / Renta de la inversión / Inversión de cartera / Renta de la inversión procedente de participaciones de capital y participaciones en fondos de inversión / Renta de la inversión atribuible a accionistas de fondos de inversión / Dividendos
302,1,Cuenta corriente,,1,1.B.2.2.1.2.2,Utilidades reinvertidas,Ingreso primario (Renta factorial) / Renta de la inversión / Inversión de cartera / Renta de la inversión procedente de participaciones de capital y participaciones en fondos de inversión / Renta de la inversión atribuible a accionistas de fondos de inversión / Utilidades reinvertidas,Ingreso primario (Renta factorial) / Renta de la inversión / Inversión de cartera / Renta de la inversión procedente de participaciones de capital y participaciones en fondos de inversión / Renta de la inversión atribuible a accionistas de fondos de inversión / Utilidades reinvertidas
308,1,Cuenta corriente,,1,1.B.2.2.2.1,Corto plazo,Ingreso primario (Renta factorial) / Renta de la inversión / Inversión de cartera / Intereses / Corto plazo,Ingreso primario (Renta factorial) / Renta de la inversión / Inversión de cartera / Intereses / Corto plazo
311,1,Cuenta corriente,,1,1.B.2.2.2.2,Largo plazo,Ingreso primario (Renta factorial) / Renta de la inversión / Inversión de cartera / Intereses / Largo plazo,Ingreso primario (Renta factorial) / Renta de la inversión / Inversión de cartera / Intereses / Largo plazo
317,1,Cuenta corriente,,1,1.B.2.3.1,Retiros de ingresos de cuasisociedades,Ingreso primario (Renta factorial) / Renta de la inversión / Otra inversión / Retiros de ingresos de cuasisociedades,Ingreso primario (Renta factorial) / Renta de la inversión / Otra inversión / Retiros de ingresos de cuasisociedades
320,1,Cuenta corriente,,1,1.B.2.3.2,Intereses,Ingreso primario (Renta factorial) / Renta de la inversión / Otra inversión / Intereses,Ingreso primario (Renta factorial) / Renta de la inversión / Otra inversión / Intereses
326,1,Cuenta corriente,,1,1.B.2.3.3,"Renta de la inversión atribuible a titulares de pólizas de seguros, planes de pensiones y mecanismos normalizados de garantía","Ingreso primario (Renta factorial) / Renta de la inversión / Otra inversión / Renta de la inversión atribuible a titulares de pólizas de seguros, planes de pensiones y mecanismos normalizados de garantía","Ingreso primario (Renta factorial) / Renta de la inversión / Otra inversión / Renta de la inversión atribuible a titulares de pólizas de seguros, planes de pensiones y mecanismos normalizados de garantía"
332,1,Cuenta corriente,,1,1.B.2.4.1,Renta procedente de participaciones de capital y participaciones en fondos de inversión,Ingreso primario (Renta factorial) / Renta de la inversión / Activos de reserva / Renta procedente de participaciones de capital y participaciones en fondos de inversión,Ingreso primario (Renta factorial) / Renta de la inversión / Activos de reserva / Renta procedente de participaciones de capital y participaciones en fondos de inversión
335,1,Cuenta corriente,,1,1.B.2.4.2,Intereses,Ingreso primario (Renta factorial) / Renta de la inversión / Activos de reserva / Intereses,Ingreso primario (Renta factorial) / Renta de la inversión / Activos de reserva / Intereses
344,1,Cuenta corriente,,1,1.B.3.1,Otros impuestos a la producción,Ingreso primario (Renta factorial) / Otro ingreso primario / Otros impuestos a la producción,Ingreso primario (Renta factorial) / Otro ingreso primario / Otros impuestos a la producción
347,1,Cuenta corriente,,1,1.B.3.2,Otros subsidios a la producción,Ingreso primario (Renta factorial) / Otro ingreso primario / Otros subsidios a la producción,Ingreso primario (Renta factorial) / Otro ingreso primario / Otros subsidios a la producción
350,1,Cuenta corriente,,1,1.B.3.3,Arriendo,Ingreso primario (Renta factorial) / Otro ingreso primario / Arriendo,Ingreso primario (Renta factorial) / Otro ingreso primario / Arriendo
359,1,Cuenta corriente,,1,1.C.1.1,"Impuestos corrientes sobre la renta, el patrimonio, etc.","Ingreso secundario (Transferencias corrientes) / Gobierno general / Impuestos corrientes sobre la renta, el patrimonio, etc.","Ingreso secundario (Transferencias corrientes) / Gobierno general / Impuestos corrientes sobre la renta, el patrimonio, etc."
361,1,Cuenta corriente,,1,1.C.1.2,Contribuciones sociales (Crédito),Ingreso secundario (Transferencias corrientes) / Gobierno general / Contribuciones sociales (Crédito),Ingreso secundario (Transferencias corrientes) / Gobierno general / Contribuciones sociales (Crédito)
363,1,Cuenta corriente,,1,1.C.1.3,Prestaciones sociales (Débito),Ingreso secundario (Transferencias corrientes) / Gobierno general / Prestaciones sociales (Débito),Ingreso secundario (Transferencias corrientes) / Gobierno general / Prestaciones sociales (Débito)
364,1,Cuenta corriente,,1,1.C.1.4,Cooperación internacional corriente,Ingreso secundario (Transferencias corrientes) / Gobierno general / Cooperación internacional corriente,Ingreso secundario (Transferencias corrientes) / Gobierno general / Cooperación internacional corriente
367,1,Cuenta corriente,,1,1.C.1.5,Transferencias corrientes diversas del gobierno general,Ingreso secundario (Transferencias corrientes) / Gobierno general / Transferencias corrientes diversas del gobierno general,Ingreso secundario (Transferencias corrientes) / Gobierno general / Transferencias corrientes diversas del gobierno general
376,1,Cuenta corriente,,1,1.C.2.1,Transferencias personales (transferencias corrientes entre hogares residentes y no residentes),"Ingreso secundario (Transferencias corrientes) / Sociedades financieras, sociedades no financieras, hogares e ISFLSH / Transferencias personales (transferencias corrientes entre hogares residentes y no residentes)","Ingreso secundario (Transferencias corrientes) / Sociedades financieras, sociedades no financieras, hogares e ISFLSH / Transferencias personales (transferencias corrientes entre hogares residentes y no residentes)"
385,1,Cuenta corriente,,1,1.C.2.0.1,"Impuestos corrientes sobre la renta, el patrimonio, etc. (débito)","Ingreso secundario (Transferencias corrientes) / Sociedades financieras, sociedades no financieras, hogares e ISFLSH / Otras transferencias corrientes / Impuestos corrientes sobre la renta, el patrimonio, etc. (débito)","Ingreso secundario (Transferencias corrientes) / Sociedades financieras, sociedades no financieras, hogares e ISFLSH / Otras transferencias corrientes / Impuestos corrientes sobre la renta, el patrimonio, etc. (débito)"
386,1,Cuenta corriente,,1,1.C.2.0.2,Contribuciones sociales,"Ingreso secundario (Transferencias corrientes) / Sociedades financieras, sociedades no financieras, hogares e ISFLSH / Otras transferencias corrientes / Contribuciones sociales","Ingreso secundario (Transferencias corrientes) / Sociedades financieras, sociedades no financieras, hogares e ISFLSH / Otras transferencias corrientes / Contribuciones sociales"
389,1,Cuenta corriente,,1,1.C.2.0.3,Prestaciones sociales,"Ingreso secundario (Transferencias corrientes) / Sociedades financieras, sociedades no financieras, hogares e ISFLSH / Otras transferencias corrientes / Prestaciones sociales","Ingreso secundario (Transferencias corrientes) / Sociedades financieras, sociedades no financieras, hogares e ISFLSH / Otras transferencias corrientes / Prestaciones sociales"
392,1,Cuenta corriente,,1,1.C.2.0.4,Primas netas de seguros no de vida,"Ingreso secundario (Transferencias corrientes) / Sociedades financieras, sociedades no financieras, hogares e ISFLSH / Otras transferencias corrientes / Primas netas de seguros no de vida","Ingreso secundario (Transferencias corrientes) / Sociedades financieras, sociedades no financieras, hogares e ISFLSH / Otras transferencias corrientes / Primas netas de seguros no de vida"
395,1,Cuenta corriente,,1,1.C.2.0.5,Indemnizaciones de seguros no de vida,"Ingreso secundario (Transferencias corrientes) / Sociedades financieras, sociedades no financieras, hogares e ISFLSH / Otras transferencias corrientes / Indemnizaciones de seguros no de vida","Ingreso secundario (Transferencias corrientes) / Sociedades financieras, sociedades no financieras, hogares e ISFLSH / Otras transferencias corrientes / Indemnizaciones de seguros no de vida"
398,1,Cuenta corriente,,1,1.C.2.0.6,Cooperación internacional corriente,"Ingreso secundario (Transferencias corrientes) / Sociedades financieras, sociedades no financieras, hogares e ISFLSH / Otras transferencias corrientes / Cooperación internacional corriente","Ingreso secundario (Transferencias corrientes) / Sociedades financieras, sociedades no financieras, hogares e ISFLSH / Otras transferencias corrientes / Cooperación internacional corriente"
401,1,Cuenta corriente,,1,1.C.2.0.7,Transferencias corrientes diversas,"Ingreso secundario (Transferencias corrientes) / Sociedades financieras, sociedades no financieras, hogares e ISFLSH / Otras transferencias corrientes / Transferencias corrientes diversas","Ingreso secundario (Transferencias corrientes) / Sociedades financieras, sociedades no financieras, hogares e ISFLSH / Otras transferencias corrientes / Transferencias corrientes diversas"
407,1,Cuenta corriente,,1,1.C.3,Ajuste por cambio de los derechos jubilatorios,Ingreso secundario (Transferencias corrientes) / Ajuste por cambio de los derechos jubilatorios,Ingreso secundario (Transferencias corrientes) / Ajuste por cambio de los derechos jubilatorios
448,3,Cuenta financiera,activos,1,3.1.1.1.1,Inversionista directo en empresas de inversión directa,Inversión directa / Participaciones de capital y participaciones en fondos de inversión / Participaciones de capital distintas de reinversión de utilidades / Inversionista directo en empresas de inversión directa (activos),Inversión directa / Participaciones de capital y participaciones en fondos de inversión / Participaciones de capital distintas de reinversión de utilidades / Inversionista directo en empresas de inversión directa
449,3,Cuenta financiera,activos,1,3.1.1.1.2,Empresas de inversión directa en inversionista directo (inversión en sentido contrario),Inversión directa / Participaciones de capital y participaciones en fondos de inversión / Participaciones de capital distintas de reinversión de utilidades / Empresas de inversión directa en inversionista directo (inversión en sentido contrario) (activos),Inversión directa / Participaciones de capital y participaciones en fondos de inversión / Participaciones de capital distintas de reinversión de utilidades / Empresas de inversión directa en inversionista directo (inversión en sentido contrario)
451,3,Cuenta financiera,activos,1,3.1.1.1.3.1,si la casa matriz que ejerce el control final es residente,Inversión directa / Participaciones de capital y participaciones en fondos de inversión / Participaciones de capital distintas de reinversión de utilidades / Entre empresas emparentadas / si la casa matriz que ejerce el control final es residente (activos),Inversión directa / Participaciones de capital y participaciones en fondos de inversión / Participaciones de capital distintas de reinversión de utilidades / Entre empresas emparentadas / si la casa matriz que ejerce el control final es residente
452,3,Cuenta financiera,activos,1,3.1.1.1.3.2,si la casa matriz que ejerce el control final es no residente,Inversión directa / Participaciones de capital y participaciones en fondos de inversión / Participaciones de capital distintas de reinversión de utilidades / Entre empresas emparentadas / si la casa matriz que ejerce el control final es no residente (activos),Inversión directa / Participaciones de capital y participaciones en fondos de inversión / Participaciones de capital distintas de reinversión de utilidades / Entre empresas emparentadas / si la casa matriz que ejerce el control final es no residente
453,3,Cuenta financiera,activos,1,3.1.1.1.3.3,si se desconoce la casa matriz que ejerce el control final,Inversión directa / Participaciones de capital y participaciones en fondos de inversión / Participaciones de capital distintas de reinversión de utilidades / Entre empresas emparentadas / si se desconoce la casa matriz que ejerce el control final (activos),Inversión directa / Participaciones de capital y participaciones en fondos de inversión / Participaciones de capital distintas de reinversión de utilidades / Entre empresas emparentadas / si se desconoce la casa matriz que ejerce el control final
454,3,Cuenta financiera,activos,1,3.1.1.2,Reinversión de utilidades,Inversión directa / Participaciones de capital y participaciones en fondos de inversión / Reinversión de utilidades (activos),Inversión directa / Participaciones de capital y participaciones en fondos de inversión / Reinversión de utilidades
458,3,Cuenta financiera,activos,1,3.1.2.1,Derechos de los inversionistas directos sobre empresas de inversión directa,Inversión directa / Instrumentos de deuda / Derechos de los inversionistas directos sobre empresas de inversión directa (activos),Inversión directa / Instrumentos de deuda / Derechos de los inversionistas directos sobre empresas de inversión directa
459,3,Cuenta financiera,activos,1,3.1.2.2,Derechos de las empresas de inversión directa sobre inversionistas directos (inversión en sentido contrario),Inversión directa / Instrumentos de deuda / Derechos de las empresas de inversión directa sobre inversionistas directos (inversión en sentido contrario) (activos),Inversión directa / Instrumentos de deuda / Derechos de las empresas de inversión directa sobre inversionistas directos (inversión en sentido contrario)
461,3,Cuenta financiera,activos,1,3.1.2.3.1,si la casa matriz que ejerce el control final es residente,Inversión directa / Instrumentos de deuda / Entre empresas emparentadas / si la casa matriz que ejerce el control final es residente (activos),Inversión directa / Instrumentos de deuda / Entre empresas emparentadas / si la casa matriz que ejerce el control final es residente
462,3,Cuenta financiera,activos,1,3.1.2.3.2,si la casa matriz que ejerce el control final es no residente,Inversión directa / Instrumentos de deuda / Entre empresas emparentadas / si la casa matriz que ejerce el control final es no residente (activos),Inversión directa / Instrumentos de deuda / Entre empresas emparentadas / si la casa matriz que ejerce el control final es no residente
463,3,Cuenta financiera,activos,1,3.1.2.3.3,si se desconoce la casa matriz que ejerce el control final,Inversión directa / Instrumentos de deuda / Entre empresas emparentadas / si se desconoce la casa matriz que ejerce el control final (activos),Inversión directa / Instrumentos de deuda / Entre empresas emparentadas / si se desconoce la casa matriz que ejerce el control final
474,3,Cuenta financiera,pasivos,-1,3.1.1.1.1,Inversionista directo en empresas de inversión directa,Inversión directa / Participaciones de capital y participaciones en fondos de inversión / Participaciones de capital distintas de reinversión de utilidades / Inversionista directo en empresas de inversión directa (pasivos),Inversión directa / Participaciones de capital y participaciones en fondos de inversión / Participaciones de capital distintas de reinversión de utilidades / Inversionista directo en empresas de inversión directa
475,3,Cuenta financiera,pasivos,-1,3.1.1.1.2,Empresas de inversión directa en inversionista directo (inversión en sentido contrario),Inversión directa / Participaciones de capital y participaciones en fondos de inversión / Participaciones de capital distintas de reinversión de utilidades / Empresas de inversión directa en inversionista directo (inversión en sentido contrario) (pasivos),Inversión directa / Participaciones de capital y participaciones en fondos de inversión / Participaciones de capital distintas de reinversión de utilidades / Empresas de inversión directa en inversionista directo (inversión en sentido contrario)
477,3,Cuenta financiera,pasivos,-1,3.1.1.1.3.1,si la casa matriz que ejerce el control final es residente,Inversión directa / Participaciones de capital y participaciones en fondos de inversión / Participaciones de capital distintas de reinversión de utilidades / Entre empresas emparentadas / si la casa matriz que ejerce el control final es residente (pasivos),Inversión directa / Participaciones de capital y participaciones en fondos de inversión / Participaciones de capital distintas de reinversión de utilidades / Entre empresas emparentadas / si la casa matriz que ejerce el control final es residente
478,3,Cuenta financiera,pasivos,-1,3.1.1.1.3.2,si la casa matriz que ejerce el control final es no residente,Inversión directa / Participaciones de capital y participaciones en fondos de inversión / Participaciones de capital distintas de reinversión de utilidades / Entre empresas emparentadas / si la casa matriz que ejerce el control final es no residente (pasivos),Inversión directa / Participaciones de capital y participaciones en fondos de inversión / Participaciones de capital distintas de reinversión de utilidades / Entre empresas emparentadas / si la casa matriz que ejerce el control final es no residente
479,3,Cuenta financiera,pasivos,-1,3.1.1.1.3.3,si se desconoce la casa matriz que ejerce el control final,Inversión directa / Participaciones de capital y participaciones en fondos de inversión / Participaciones de capital distintas de reinversión de utilidades / Entre empresas emparentadas / si se desconoce la casa matriz que ejerce el control final (pasivos),Inversión directa / Participaciones de capital y participaciones en fondos de inversión / Participaciones de capital distintas de reinversión de utilidades / Entre empresas emparentadas / si se desconoce la casa matriz que ejerce el control final
480,3,Cuenta financiera,pasivos,-1,3.1.1.2,Reinversión de utilidades,Inversión directa / Participaciones de capital y participaciones en fondos de inversión / Reinversión de utilidades (pasivos),Inversión directa / Participaciones de capital y participaciones en fondos de inversión / Reinversión de utilidades
484,3,Cuenta financiera,pasivos,-1,3.1.2.1,Derechos de los inversionistas directos sobre empresas de inversión directa,Inversión directa / Instrumentos de deuda / Derechos de los inversionistas directos sobre empresas de inversión directa (pasivos),Inversión directa / Instrumentos de deuda / Derechos de los inversionistas directos sobre empresas de inversión directa
485,3,Cuenta financiera,pasivos,-1,3.1.2.2,Derechos de las empresas de inversión directa sobre inversionistas directos (inversión en sentido contrario),Inversión directa / Instrumentos de deuda / Derechos de las empresas de inversión directa sobre inversionistas directos (inversión en sentido contrario) (pasivos),Inversión directa / Instrumentos de deuda / Derechos de las empresas de inversión directa sobre inversionistas directos (inversión en sentido contrario)
487,3,Cuenta financiera,pasivos,-1,3.1.2.3.1,si la casa matriz que ejerce el control final es residente,Inversión directa / Instrumentos de deuda / Entre empresas emparentadas / si la casa matriz que ejerce el control final es residente (pasivos),Inversión directa / Instrumentos de deuda / Entre empresas emparentadas / si la casa matriz que ejerce el control final es residente
488,3,Cuenta financiera,pasivos,-1,3.1.2.3.2,si la casa matriz que ejerce el control final es no residente,Inversión directa / Instrumentos de deuda / Entre empresas emparentadas / si la casa matriz que ejerce el control final es no residente (pasivos),Inversión directa / Instrumentos de deuda / Entre empresas emparentadas / si la casa matriz que ejerce el control final es no residente
489,3,Cuenta financiera,pasivos,-1,3.1.2.3.3,si se desconoce la casa matriz que ejerce el control final,Inversión directa / Instrumentos de deuda / Entre empresas emparentadas / si se desconoce la casa matriz que ejerce el control final (pasivos),Inversión directa / Instrumentos de deuda / Entre empresas emparentadas / si se desconoce la casa matriz que ejerce el control final
500,3,Cuenta financiera,activos,1,3.2.1.1,Banco central,Inversión de cartera / Participaciones de capital y participaciones en fondos de inversión / Banco central (activos),Inversión de cartera / Participaciones de capital y participaciones en fondos de inversión / Banco central
502,3,Cuenta financiera,activos,1,3.2.1.3,Gobierno general,Inversión de cartera / Participaciones de capital y participaciones en fondos de inversión / Gobierno general (activos),Inversión de cartera / Participaciones de capital y participaciones en fondos de inversión / Gobierno general
503,3,Cuenta financiera,activos,1,3.2.1.2,"Sociedades captadoras de depósitos, excepto el banco central","Inversión de cartera / Participaciones de capital y participaciones en fondos de inversión / Sociedades captadoras de depósitos, excepto el banco central (activos)","Inversión de cartera / Participaciones de capital y participaciones en fondos de inversión / Sociedades captadoras de depósitos, excepto el banco central"
505,3,Cuenta financiera,activos,1,3.2.1.4.1,Otras sociedades financieras,Inversión de cartera / Participaciones de capital y participaciones en fondos de inversión / Otros sectores / Otras sociedades financieras (activos),Inversión de cartera / Participaciones de capital y participaciones en fondos de inversión / Otros sectores / Otras sociedades financieras
506,3,Cuenta financiera,activos,1,3.2.1.4.2,"Sociedades no financieras, hogares e ISFLSH","Inversión de cartera / Participaciones de capital y participaciones en fondos de inversión / Otros sectores / Sociedades no financieras, hogares e ISFLSH (activos)","Inversión de cartera / Participaciones de capital y participaciones en fondos de inversión / Otros sectores / Sociedades no financieras, hogares e ISFLSH"
515,3,Cuenta financiera,activos,1,3.2.2.1.1,Corto plazo,Inversión de cartera / Títulos de deuda / Banco central / Corto plazo (activos),Inversión de cartera / Títulos de deuda / Banco central / Corto plazo
516,3,Cuenta financiera,activos,1,3.2.2.1.2,Largo plazo,Inversión de cartera / Títulos de deuda / Banco central / Largo plazo (activos),Inversión de cartera / Títulos de deuda / Banco central / Largo plazo
521,3,Cuenta financiera,activos,1,3.2.2.2.1,Corto plazo,"Inversión de cartera / Títulos de deuda / Sociedades captadoras de depósitos, excepto el banco central / Corto plazo (activos)","Inversión de cartera / Títulos de deuda / Sociedades captadoras de depósitos, excepto el banco central / Corto plazo"
522,3,Cuenta financiera,activos,1,3.2.2.2.2,Largo plazo,"Inversión de cartera / Títulos de deuda / Sociedades captadoras de depósitos, excepto el banco central / Largo plazo (activos)","Inversión de cartera / Títulos de deuda / Sociedades captadoras de depósitos, excepto el banco central / Largo plazo"
524,3,Cuenta financiera,activos,1,3.2.2.3.1,Corto plazo,Inversión de cartera / Títulos de deuda / Gobierno general / Corto plazo (activos),Inversión de cartera / Títulos de deuda / Gobierno general / Corto plazo
525,3,Cuenta financiera,activos,1,3.2.2.3.2,Largo plazo,Inversión de cartera / Títulos de deuda / Gobierno general / Largo plazo (activos),Inversión de cartera / Títulos de deuda / Gobierno general / Largo plazo
530,3,Cuenta financiera,activos,1,3.2.2.4.1.1,Corto plazo,Inversión de cartera / Títulos de deuda / Otros sectores / Otras sociedades financieras / Corto plazo (activos),Inversión de cartera / Títulos de deuda / Otros sectores / Otras sociedades financieras / Corto plazo
531,3,Cuenta financiera,activos,1,3.2.2.4.1.2,Largo plazo,Inversión de cartera / Títulos de deuda / Otros sectores / Otras sociedades financieras / Largo plazo (activos),Inversión de cartera / Títulos de deuda / Otros sectores / Otras sociedades financieras / Largo plazo
533,3,Cuenta financiera,activos,1,3.2.2.4.2.1,Corto plazo,"Inversión de cartera / Títulos de deuda / Otros sectores / Sociedades no financieras, hogares e ISFLSH / Corto plazo (activos)","Inversión de cartera / Títulos de deuda / Otros sectores / Sociedades no financieras, hogares e ISFLSH / Corto plazo"
534,3,Cuenta financiera,activos,1,3.2.2.4.2.2,Largo plazo,"Inversión de cartera / Títulos de deuda / Otros sectores / Sociedades no financieras, hogares e ISFLSH / Largo plazo (activos)","Inversión de cartera / Títulos de deuda / Otros sectores / Sociedades no financieras, hogares e ISFLSH / Largo plazo"
537,3,Cuenta financiera,pasivos,-1,3.2.1.1,Banco central,Inversión de cartera / Participaciones de capital y participaciones en fondos de inversión / Banco central (pasivos),Inversión de cartera / Participaciones de capital y participaciones en fondos de inversión / Banco central
539,3,Cuenta financiera,pasivos,-1,3.2.1.3,Gobierno general,Inversión de cartera / Participaciones de capital y participaciones en fondos de inversión / Gobierno general (pasivos),Inversión de cartera / Participaciones de capital y participaciones en fondos de inversión / Gobierno general
540,3,Cuenta financiera,pasivos,-1,3.2.1.2,"Sociedades captadoras de depósitos, excepto el banco central","Inversión de cartera / Participaciones de capital y participaciones en fondos de inversión / Sociedades captadoras de depósitos, excepto el banco central (pasivos)","Inversión de cartera / Participaciones de capital y participaciones en fondos de inversión / Sociedades captadoras de depósitos, excepto el banco central"
542,3,Cuenta financiera,pasivos,-1,3.2.1.4.1,Otras sociedades financieras,Inversión de cartera / Participaciones de capital y participaciones en fondos de inversión / Otros sectores / Otras sociedades financieras (pasivos),Inversión de cartera / Participaciones de capital y participaciones en fondos de inversión / Otros sectores / Otras sociedades financieras
543,3,Cuenta financiera,pasivos,-1,3.2.1.4.2,"Sociedades no financieras, hogares e ISFLSH","Inversión de cartera / Participaciones de capital y participaciones en fondos de inversión / Otros sectores / Sociedades no financieras, hogares e ISFLSH (pasivos)","Inversión de cartera / Participaciones de capital y participaciones en fondos de inversión / Otros sectores / Sociedades no financieras, hogares e ISFLSH"
552,3,Cuenta financiera,pasivos,-1,3.2.2.1.1,Corto plazo,Inversión de cartera / Títulos de deuda / Banco central / Corto plazo (pasivos),Inversión de cartera / Títulos de deuda / Banco central / Corto plazo
553,3,Cuenta financiera,pasivos,-1,3.2.2.1.2,Largo plazo,Inversión de cartera / Títulos de deuda / Banco central / Largo plazo (pasivos),Inversión de cartera / Títulos de deuda / Banco central / Largo plazo
558,3,Cuenta financiera,pasivos,-1,3.2.2.2.1,Corto plazo,"Inversión de cartera / Títulos de deuda / Sociedades captadoras de depósitos, excepto el banco central / Corto plazo (pasivos)","Inversión de cartera / Títulos de deuda / Sociedades captadoras de depósitos, excepto el banco central / Corto plazo"
559,3,Cuenta financiera,pasivos,-1,3.2.2.2.2,Largo plazo,"Inversión de cartera / Títulos de deuda / Sociedades captadoras de depósitos, excepto el banco central / Largo plazo (pasivos)","Inversión de cartera / Títulos de deuda / Sociedades captadoras de depósitos, excepto el banco central / Largo plazo"
561,3,Cuenta financiera,pasivos,-1,3.2.2.3.1,Corto plazo,Inversión de cartera / Títulos de deuda / Gobierno general / Corto plazo (pasivos),Inversión de cartera / Títulos de deuda / Gobierno general / Corto plazo
562,3,Cuenta financiera,pasivos,-1,3.2.2.3.2,Largo plazo,Inversión de cartera / Títulos de deuda / Gobierno general / Largo plazo (pasivos),Inversión de cartera / Títulos de deuda / Gobierno general / Largo plazo
569,3,Cuenta financiera,pasivos,-1,3.2.2.4.1.1,Corto plazo,Inversión de cartera / Títulos de deuda / Otros sectores / Otras sociedades financieras / Corto plazo (pasivos),Inversión de cartera / Títulos de deuda / Otros sectores / Otras sociedades financieras / Corto plazo
570,3,Cuenta financiera,pasivos,-1,3.2.2.4.1.2,Largo plazo,Inversión de cartera / Títulos de deuda / Otros sectores / Otras sociedades financieras / Largo plazo (pasivos),Inversión de cartera / Títulos de deuda / Otros sectores / Otras sociedades financieras / Largo plazo
572,3,Cuenta financiera,pasivos,-1,3.2.2.4.2.1,Corto plazo,"Inversión de cartera / Títulos de deuda / Otros sectores / Sociedades no financieras, hogares e ISFLSH / Corto plazo (pasivos)","Inversión de cartera / Títulos de deuda / Otros sectores / Sociedades no financieras, hogares e ISFLSH / Corto plazo"
573,3,Cuenta financiera,pasivos,-1,3.2.2.4.2.2,Largo plazo,"Inversión de cartera / Títulos de deuda / Otros sectores / Sociedades no financieras, hogares e ISFLSH / Largo plazo (pasivos)","Inversión de cartera / Títulos de deuda / Otros sectores / Sociedades no financieras, hogares e ISFLSH / Largo plazo"
583,3,Cuenta financiera,activos,1,3.3.1,Banco central,Derivados financieros (distintos de reservas) y opciones de compra de acciones por parte de empleados / Banco central (activos),Derivados financieros (distintos de reservas) y opciones de compra de acciones por parte de empleados / Banco central
585,3,Cuenta financiera,activos,1,3.3.2,"Sociedades captadoras de depósitos, excepto el banco central","Derivados financieros (distintos de reservas) y opciones de compra de acciones por parte de empleados / Sociedades captadoras de depósitos, excepto el banco central (activos)","Derivados financieros (distintos de reservas) y opciones de compra de acciones por parte de empleados / Sociedades captadoras de depósitos, excepto el banco central"
586,3,Cuenta financiera,activos,1,3.3.3,Gobierno general,Derivados financieros (distintos de reservas) y opciones de compra de acciones por parte de empleados / Gobierno general (activos),Derivados financieros (distintos de reservas) y opciones de compra de acciones por parte de empleados / Gobierno general
588,3,Cuenta financiera,activos,1,3.3.4.1,Otras sociedades financieras,Derivados financieros (distintos de reservas) y opciones de compra de acciones por parte de empleados / Otros sectores / Otras sociedades financieras (activos),Derivados financieros (distintos de reservas) y opciones de compra de acciones por parte de empleados / Otros sectores / Otras sociedades financieras
589,3,Cuenta financiera,activos,1,3.3.4.2,"Sociedades no financieras, hogares e ISFLSH","Derivados financieros (distintos de reservas) y opciones de compra de acciones por parte de empleados / Otros sectores / Sociedades no financieras, hogares e ISFLSH (activos)","Derivados financieros (distintos de reservas) y opciones de compra de acciones por parte de empleados / Otros sectores / Sociedades no financieras, hogares e ISFLSH"
595,3,Cuenta financiera,pasivos,-1,3.3.1,Banco central,Derivados financieros (distintos de reservas) y opciones de compra de acciones por parte de empleados / Banco central (pasivos),Derivados financieros (distintos de reservas) y opciones de compra de acciones por parte de empleados / Banco central
597,3,Cuenta financiera,pasivos,-1,3.3.2,"Sociedades captadoras de depósitos, excepto el banco central","Derivados financieros (distintos de reservas) y opciones de compra de acciones por parte de empleados / Sociedades captadoras de depósitos, excepto el banco central (pasivos)","Derivados financieros (distintos de reservas) y opciones de compra de acciones por parte de empleados / Sociedades captadoras de depósitos, excepto el banco central"
598,3,Cuenta financiera,pasivos,-1,3.3.3,Gobierno general,Derivados financieros (distintos de reservas) y opciones de compra de acciones por parte de empleados / Gobierno general (pasivos),Derivados financieros (distintos de reservas) y opciones de compra de acciones por parte de empleados / Gobierno general
600,3,Cuenta financiera,pasivos,-1,3.3.4.1,Otras sociedades financieras,Derivados financieros (distintos de reservas) y opciones de compra de acciones por parte de empleados / Otros sectores / Otras sociedades financieras (pasivos),Derivados financieros (distintos de reservas) y opciones de compra de acciones por parte de empleados / Otros sectores / Otras sociedades financieras
601,3,Cuenta financiera,pasivos,-1,3.3.4.2,"Sociedades no financieras, hogares e ISFLSH","Derivados financieros (distintos de reservas) y opciones de compra de acciones por parte de empleados / Otros sectores / Sociedades no financieras, hogares e ISFLSH (pasivos)","Derivados financieros (distintos de reservas) y opciones de compra de acciones por parte de empleados / Otros sectores / Sociedades no financieras, hogares e ISFLSH"
610,3,Cuenta financiera,activos,1,3.4.1,Adquisición neta de activos financieros,Otra inversión / Otras participaciones de capital (activos),Otra inversión / Otras participaciones de capital
611,3,Cuenta financiera,pasivos,-1,3.4.1,Pasivos netos incurridos,Otra inversión / Otras participaciones de capital (pasivos),Otra inversión / Otras participaciones de capital
615,3,Cuenta financiera,activos,1,3.4.2.1.1,Corto plazo,Otra inversión / Moneda y depósitos / Banco central / Corto plazo (activos),Otra inversión / Moneda y depósitos / Banco central / Corto plazo
616,3,Cuenta financiera,activos,1,3.4.2.1.2,Largo plazo,Otra inversión / Moneda y depósitos / Banco central / Largo plazo (activos),Otra inversión / Moneda y depósitos / Banco central / Largo plazo
622,3,Cuenta financiera,activos,1,3.4.2.2.1,Corto plazo,"Otra inversión / Moneda y depósitos / Sociedades captadoras de depósitos, excepto el banco central / Corto plazo (activos)","Otra inversión / Moneda y depósitos / Sociedades captadoras de depósitos, excepto el banco central / Corto plazo"
623,3,Cuenta financiera,activos,1,3.4.2.2.2,Largo plazo,"Otra inversión / Moneda y depósitos / Sociedades captadoras de depósitos, excepto el banco central / Largo plazo (activos)","Otra inversión / Moneda y depósitos / Sociedades captadoras de depósitos, excepto el banco central / Largo plazo"
625,3,Cuenta financiera,activos,1,3.4.2.3.1,Corto plazo,Otra inversión / Moneda y depósitos / Gobierno general / Corto plazo (activos),Otra inversión / Moneda y depósitos / Gobierno general / Corto plazo
626,3,Cuenta financiera,activos,1,3.4.2.3.2,Largo plazo,Otra inversión / Moneda y depósitos / Gobierno general / Largo plazo (activos),Otra inversión / Moneda y depósitos / Gobierno general / Largo plazo
631,3,Cuenta financiera,activos,1,3.4.2.4.1.1,Corto plazo,Otra inversión / Moneda y depósitos / Otros sectores / Otras sociedades financieras / Corto plazo (activos),Otra inversión / Moneda y depósitos / Otros sectores / Otras sociedades financieras / Corto plazo
632,3,Cuenta financiera,activos,1,3.4.2.4.1.2,Largo plazo,Otra inversión / Moneda y depósitos / Otros sectores / Otras sociedades financieras / Largo plazo (activos),Otra inversión / Moneda y depósitos / Otros sectores / Otras sociedades financieras / Largo plazo
634,3,Cuenta financiera,activos,1,3.4.2.4.2.1,Corto plazo,"Otra inversión / Moneda y depósitos / Otros sectores / Sociedades no financieras, hogares e ISFLSH / Corto plazo (activos)","Otra inversión / Moneda y depósitos / Otros sectores / Sociedades no financieras, hogares e ISFLSH / Corto plazo"
635,3,Cuenta financiera,activos,1,3.4.2.4.2.2,Largo plazo,"Otra inversión / Moneda y depósitos / Otros sectores / Sociedades no financieras, hogares e ISFLSH / Largo plazo (activos)","Otra inversión / Moneda y depósitos / Otros sectores / Sociedades no financieras, hogares e ISFLSH / Largo plazo"
638,3,Cuenta financiera,pasivos,-1,3.4.2.1.1,Corto plazo,Otra inversión / Moneda y depósitos / Banco central / Corto plazo (pasivos),Otra inversión / Moneda y depósitos / Banco central / Corto plazo
639,3,Cuenta financiera,pasivos,-1,3.4.2.1.2,Largo plazo,Otra inversión / Moneda y depósitos / Banco central / Largo plazo (pasivos),Otra inversión / Moneda y depósitos / Banco central / Largo plazo
645,3,Cuenta financiera,pasivos,-1,3.4.2.2.1,Largo plazo,"Otra inversión / Moneda y depósitos / Sociedades captadoras de depósitos, excepto el banco central / Largo plazo (pasivos)","Otra inversión / Moneda y depósitos / Sociedades captadoras de depósitos, excepto el banco central / Largo plazo"
644,3,Cuenta financiera,pasivos,-1,3.4.2.2.0.1,Corto plazo,"Otra inversión / Moneda y depósitos / Sociedades captadoras de depósitos, excepto el banco central / Corto plazo (pasivos)","Otra inversión / Moneda y depósitos / Sociedades captadoras de depósitos, excepto el banco central / Corto plazo"
648,3,Cuenta financiera,pasivos,-1,3.4.2.3.1,Corto plazo,Otra inversión / Moneda y depósitos / Gobierno general / Corto plazo (pasivos),Otra inversión / Moneda y depósitos / Gobierno general / Corto plazo
649,3,Cuenta financiera,pasivos,-1,3.4.2.3.2,Largo plazo,Otra inversión / Moneda y depósitos / Gobierno general / Largo plazo (pasivos),Otra inversión / Moneda y depósitos / Gobierno general / Largo plazo
654,3,Cuenta financiera,pasivos,-1,3.4.2.4.1.1,Corto plazo,Otra inversión / Moneda y depósitos / Otros sectores / Otras sociedades financieras / Corto plazo (pasivos),Otra inversión / Moneda y depósitos / Otros sectores / Otras sociedades financieras / Corto plazo
655,3,Cuenta financiera,pasivos,-1,3.4.2.4.1.2,Largo plazo,Otra inversión / Moneda y depósitos / Otros sectores / Otras sociedades financieras / Largo plazo (pasivos),Otra inversión / Moneda y depósitos / Otros sectores / Otras sociedades financieras / Largo plazo
657,3,Cuenta financiera,pasivos,-1,3.4.2.4.2.1,Corto plazo,"Otra inversión / Moneda y depósitos / Otros sectores / Sociedades no financieras, hogares e ISFLSH / Corto plazo (pasivos)","Otra inversión / Moneda y depósitos / Otros sectores / Sociedades no financieras, hogares e ISFLSH / Corto plazo"
658,3,Cuenta financiera,pasivos,-1,3.4.2.4.2.2,Largo plazo,"Otra inversión / Moneda y depósitos / Otros sectores / Sociedades no financieras, hogares e ISFLSH / Largo plazo (pasivos)","Otra inversión / Moneda y depósitos / Otros sectores / Sociedades no financieras, hogares e ISFLSH / Largo plazo"
662,3,Cuenta financiera,activos,1,3.4.3.1.1,Crédito y préstamos del FMI (distintos de reservas),Otra inversión / Préstamos / Banco central / Crédito y préstamos del FMI (distintos de reservas) (activos),Otra inversión / Préstamos / Banco central / Crédito y préstamos del FMI (distintos de reservas)
663,3,Cuenta financiera,activos,1,3.4.3.1.2,Otros a corto plazo,Otra inversión / Préstamos / Banco central / Otros a corto plazo (activos),Otra inversión / Préstamos / Banco central / Otros a corto plazo
664,3,Cuenta financiera,activos,1,3.4.3.1.3,Otros a largo plazo,Otra inversión / Préstamos / Banco central / Otros a largo plazo (activos),Otra inversión / Préstamos / Banco central / Otros a largo plazo
670,3,Cuenta financiera,activos,1,3.4.3.2.1,Corto plazo,"Otra inversión / Préstamos / Sociedades captadoras de depósitos, excepto el banco central / Corto plazo (activos)","Otra inversión / Préstamos / Sociedades captadoras de depósitos, excepto el banco central / Corto plazo"
671,3,Cuenta financiera,activos,1,3.4.3.2.2,Largo plazo,"Otra inversión / Préstamos / Sociedades captadoras de depósitos, excepto el banco central / Largo plazo (activos)","Otra inversión / Préstamos / Sociedades captadoras de depósitos, excepto el banco central / Largo plazo"
673,3,Cuenta financiera,activos,1,3.4.3.3.1,Crédito y préstamos del FMI (distintos de reservas),Otra inversión / Préstamos / Gobierno general / Crédito y préstamos del FMI (distintos de reservas) (activos),Otra inversión / Préstamos / Gobierno general / Crédito y préstamos del FMI (distintos de reservas)
674,3,Cuenta financiera,activos,1,3.4.3.3.2,Otros a corto plazo,Otra inversión / Préstamos / Gobierno general / Otros a corto plazo (activos),Otra inversión / Préstamos / Gobierno general / Otros a corto plazo
675,3,Cuenta financiera,activos,1,3.4.3.3.3,Otros a largo plazo,Otra inversión / Préstamos / Gobierno general / Otros a largo plazo (activos),Otra inversión / Préstamos / Gobierno general / Otros a largo plazo
680,3,Cuenta financiera,activos,1,3.4.2.4.1.1,Corto plazo,Otra inversión / Préstamos / Otros sectores / Otras sociedades financieras / Corto plazo (activos),Otra inversión / Préstamos / Otros sectores / Otras sociedades financieras / Corto plazo
681,3,Cuenta financiera,activos,1,3.4.2.4.1.2,Largo plazo,Otra inversión / Préstamos / Otros sectores / Otras sociedades financieras / Largo plazo (activos),Otra inversión / Préstamos / Otros sectores / Otras sociedades financieras / Largo plazo
683,3,Cuenta financiera,activos,1,3.4.3.4.2.1,Corto plazo,"Otra inversión / Préstamos / Otros sectores / Sociedades no financieras, hogares e ISFLSH / Corto plazo (activos)","Otra inversión / Préstamos / Otros sectores / Sociedades no financieras, hogares e ISFLSH / Corto plazo"
684,3,Cuenta financiera,activos,1,3.4.3.4.2.2,Largo plazo,"Otra inversión / Préstamos / Otros sectores / Sociedades no financieras, hogares e ISFLSH / Largo plazo (activos)","Otra inversión / Préstamos / Otros sectores / Sociedades no financieras, hogares e ISFLSH / Largo plazo"
687,3,Cuenta financiera,pasivos,-1,3.4.3.1.1,Crédito y préstamos del FMI (distintos de reservas),Otra inversión / Préstamos / Banco central / Crédito y préstamos del FMI (distintos de reservas) (pasivos),Otra inversión / Préstamos / Banco central / Crédito y préstamos del FMI (distintos de reservas)
688,3,Cuenta financiera,pasivos,-1,3.4.3.1.2,Otros a corto plazo,Otra inversión / Préstamos / Banco central / Otros a corto plazo (pasivos),Otra inversión / Préstamos / Banco central / Otros a corto plazo
689,3,Cuenta financiera,pasivos,-1,3.4.3.1.3,Otros a largo plazo,Otra inversión / Préstamos / Banco central / Otros a largo plazo (pasivos),Otra inversión / Préstamos / Banco central / Otros a largo plazo
695,3,Cuenta financiera,pasivos,-1,3.4.3.2.1,Corto plazo,"Otra inversión / Préstamos / Sociedades captadoras de depósitos, excepto el banco central / Corto plazo (pasivos)","Otra inversión / Préstamos / Sociedades captadoras de depósitos, excepto el banco central / Corto plazo"
696,3,Cuenta financiera,pasivos,-1,3.4.3.2.2,Largo plazo,"Otra inversión / Préstamos / Sociedades captadoras de depósitos, excepto el banco central / Largo plazo (pasivos)","Otra inversión / Préstamos / Sociedades captadoras de depósitos, excepto el banco central / Largo plazo"
698,3,Cuenta financiera,pasivos,-1,3.4.3.3.1,Crédito y préstamos del FMI (distintos de reservas),Otra inversión / Préstamos / Gobierno general / Crédito y préstamos del FMI (distintos de reservas) (pasivos),Otra inversión / Préstamos / Gobierno general / Crédito y préstamos del FMI (distintos de reservas)
699,3,Cuenta financiera,pasivos,-1,3.4.3.3.2,Otros a corto plazo,Otra inversión / Préstamos / Gobierno general / Otros a corto plazo (pasivos),Otra inversión / Préstamos / Gobierno general / Otros a corto plazo
700,3,Cuenta financiera,pasivos,-1,3.4.3.3.3,Otros a largo plazo,Otra inversión / Préstamos / Gobierno general / Otros a largo plazo (pasivos),Otra inversión / Préstamos / Gobierno general / Otros a largo plazo
705,3,Cuenta financiera,pasivos,-1,3.4.2.4.1.1,Corto plazo,Otra inversión / Préstamos / Otros sectores / Otras sociedades financieras / Corto plazo (pasivos),Otra inversión / Préstamos / Otros sectores / Otras sociedades financieras / Corto plazo
706,3,Cuenta financiera,pasivos,-1,3.4.2.4.1.2,Largo plazo,Otra inversión / Préstamos / Otros sectores / Otras sociedades financieras / Largo plazo (pasivos),Otra inversión / Préstamos / Otros sectores / Otras sociedades financieras / Largo plazo
708,3,Cuenta financiera,pasivos,-1,3.4.3.4.2.1,Corto plazo,"Otra inversión / Préstamos / Otros sectores / Sociedades no financieras, hogares e ISFLSH / Corto plazo (pasivos)","Otra inversión / Préstamos / Otros sectores / Sociedades no financieras, hogares e ISFLSH / Corto plazo"
709,3,Cuenta financiera,pasivos,-1,3.4.3.4.2.2,Largo plazo,"Otra inversión / Préstamos / Otros sectores / Sociedades no financieras, hogares e ISFLSH / Largo plazo (pasivos)","Otra inversión / Préstamos / Otros sectores / Sociedades no financieras, hogares e ISFLSH / Largo plazo"
712,3,Cuenta financiera,activos,1,3.4.4.1,Banco central,"Otra inversión / Seguros, pensiones y mecanismos normalizados de garantía / Banco central (activos)","Otra inversión / Seguros, pensiones y mecanismos normalizados de garantía / Banco central"
714,3,Cuenta financiera,activos,1,3.4.4.2,"Sociedades captadoras de depósitos, excepto el banco central","Otra inversión / Seguros, pensiones y mecanismos normalizados de garantía / Sociedades captadoras de depósitos, excepto el banco central (activos)","Otra inversión / Seguros, pensiones y mecanismos normalizados de garantía / Sociedades captadoras de depósitos, excepto el banco central"
715,3,Cuenta financiera,activos,1,3.4.4.3,Gobierno general,"Otra inversión / Seguros, pensiones y mecanismos normalizados de garantía / Gobierno general (activos)","Otra inversión / Seguros, pensiones y mecanismos normalizados de garantía / Gobierno general"
717,3,Cuenta financiera,activos,1,3.4.4.4.1,Otras sociedades financieras,"Otra inversión / Seguros, pensiones y mecanismos normalizados de garantía / Otros sectores / Otras sociedades financieras (activos)","Otra inversión / Seguros, pensiones y mecanismos normalizados de garantía / Otros sectores / Otras sociedades financieras"
718,3,Cuenta financiera,activos,1,3.4.4.4.2,"Sociedades no financieras, hogares e ISFLSH","Otra inversión / Seguros, pensiones y mecanismos normalizados de garantía / Otros sectores / Sociedades no financieras, hogares e ISFLSH (activos)","Otra inversión / Seguros, pensiones y mecanismos normalizados de garantía / Otros sectores / Sociedades no financieras, hogares e ISFLSH"
726,3,Cuenta financiera,pasivos,-1,3.4.4.1,Banco central,"Otra inversión / Seguros, pensiones y mecanismos normalizados de garantía / Banco central (pasivos)","Otra inversión / Seguros, pensiones y mecanismos normalizados de garantía / Banco central"
728,3,Cuenta financiera,pasivos,-1,3.4.4.2,"Sociedades captadoras de depósitos, excepto el banco central","Otra inversión / Seguros, pensiones y mecanismos normalizados de garantía / Sociedades captadoras de depósitos, excepto el banco central (pasivos)","Otra inversión / Seguros, pensiones y mecanismos normalizados de garantía / Sociedades captadoras de depósitos, excepto el banco central"
729,3,Cuenta financiera,pasivos,-1,3.4.4.3,Gobierno general,"Otra inversión / Seguros, pensiones y mecanismos normalizados de garantía / Gobierno general (pasivos)","Otra inversión / Seguros, pensiones y mecanismos normalizados de garantía / Gobierno general"
731,3,Cuenta financiera,pasivos,-1,3.4.4.4.1,Otras sociedades financieras,"Otra inversión / Seguros, pensiones y mecanismos normalizados de garantía / Otros sectores / Otras sociedades financieras (pasivos)","Otra inversión / Seguros, pensiones y mecanismos normalizados de garantía / Otros sectores / Otras sociedades financieras"
732,3,Cuenta financiera,pasivos,-1,3.4.4.4.2,"Sociedades no financieras, hogares e ISFLSH","Otra inversión / Seguros, pensiones y mecanismos normalizados de garantía / Otros sectores / Sociedades no financieras, hogares e ISFLSH (pasivos)","Otra inversión / Seguros, pensiones y mecanismos normalizados de garantía / Otros sectores / Sociedades no financieras, hogares e ISFLSH"
742,3,Cuenta financiera,activos,1,3.4.5.1.1,Corto plazo,Otra inversión / Créditos y anticipos comerciales / Banco central / Corto plazo (activos),Otra inversión / Créditos y anticipos comerciales / Banco central / Corto plazo
743,3,Cuenta financiera,activos,1,3.4.5.1.2,Largo plazo,Otra inversión / Créditos y anticipos comerciales / Banco central / Largo plazo (activos),Otra inversión / Créditos y anticipos comerciales / Banco central / Largo plazo
748,3,Cuenta financiera,activos,1,3.4.5.3.1,Corto plazo,"Otra inversión / Créditos y anticipos comerciales / Sociedades captadoras de depósitos, excepto el banco central / Corto plazo (activos)","Otra inversión / Créditos y anticipos comerciales / Sociedades captadoras de depósitos, excepto el banco central / Corto plazo"
749,3,Cuenta financiera,activos,1,3.4.5.3.2,Largo plazo,"Otra inversión / Créditos y anticipos comerciales / Sociedades captadoras de depósitos, excepto el banco central / Largo plazo (activos)","Otra inversión / Créditos y anticipos comerciales / Sociedades captadoras de depósitos, excepto el banco central / Largo plazo"
751,3,Cuenta financiera,activos,1,3.4.5.2.1,Corto plazo,Otra inversión / Créditos y anticipos comerciales / Gobierno general / Corto plazo (activos),Otra inversión / Créditos y anticipos comerciales / Gobierno general / Corto plazo
752,3,Cuenta financiera,activos,1,3.4.5.2.2,Largo plazo,Otra inversión / Créditos y anticipos comerciales / Gobierno general / Largo plazo (activos),Otra inversión / Créditos y anticipos comerciales / Gobierno general / Largo plazo
757,3,Cuenta financiera,activos,1,3.4.5.4.1.1,Corto plazo,Otra inversión / Créditos y anticipos comerciales / Otros sectores / Otras sociedades financieras / Corto plazo (activos),Otra inversión / Créditos y anticipos comerciales / Otros sectores / Otras sociedades financieras / Corto plazo
758,3,Cuenta financiera,activos,1,3.4.5.4.1.2,Largo plazo,Otra inversión / Créditos y anticipos comerciales / Otros sectores / Otras sociedades financieras / Largo plazo (activos),Otra inversión / Créditos y anticipos comerciales / Otros sectores / Otras sociedades financieras / Largo plazo
760,3,Cuenta financiera,activos,1,3.4.5.4.2.1,Corto plazo,"Otra inversión / Créditos y anticipos comerciales / Otros sectores / Sociedades no financieras, hogares e ISFLSH / Corto plazo (activos)","Otra inversión / Créditos y anticipos comerciales / Otros sectores / Sociedades no financieras, hogares e ISFLSH / Corto plazo"
761,3,Cuenta financiera,activos,1,3.4.5.4.2.2,Largo plazo,"Otra inversión / Créditos y anticipos comerciales / Otros sectores / Sociedades no financieras, hogares e ISFLSH / Largo plazo (activos)","Otra inversión / Créditos y anticipos comerciales / Otros sectores / Sociedades no financieras, hogares e ISFLSH / Largo plazo"
764,3,Cuenta financiera,pasivos,-1,3.4.5.1.1,Corto plazo,Otra inversión / Créditos y anticipos comerciales / Banco central / Corto plazo (pasivos),Otra inversión / Créditos y anticipos comerciales / Banco central / Corto plazo
765,3,Cuenta financiera,pasivos,-1,3.4.5.1.2,Largo plazo,Otra inversión / Créditos y anticipos comerciales / Banco central / Largo plazo (pasivos),Otra inversión / Créditos y anticipos comerciales / Banco central / Largo plazo
770,3,Cuenta financiera,pasivos,-1,3.4.5.3.1,Corto plazo,"Otra inversión / Créditos y anticipos comerciales / Sociedades captadoras de depósitos, excepto el banco central / Corto plazo (pasivos)","Otra inversión / Créditos y anticipos comerciales / Sociedades captadoras de depósitos, excepto el banco central / Corto plazo"
771,3,Cuenta financiera,pasivos,-1,3.4.5.3.2,Largo plazo,"Otra inversión / Créditos y anticipos comerciales / Sociedades captadoras de depósitos, excepto el banco central / Largo plazo (pasivos)","Otra inversión / Créditos y anticipos comerciales / Sociedades captadoras de depósitos, excepto el banco central / Largo plazo"
773,3,Cuenta financiera,pasivos,-1,3.4.5.2.1,Corto plazo,Otra inversión / Créditos y anticipos comerciales / Gobierno general / Corto plazo (pasivos),Otra inversión / Créditos y anticipos comerciales / Gobierno general / Corto plazo
774,3,Cuenta financiera,pasivos,-1,3.4.5.2.2,Largo plazo,Otra inversión / Créditos y anticipos comerciales / Gobierno general / Largo plazo (pasivos),Otra inversión / Créditos y anticipos comerciales / Gobierno general / Largo plazo
779,3,Cuenta financiera,pasivos,-1,3.4.5.4.1.1,Corto plazo,Otra inversión / Créditos y anticipos comerciales / Otros sectores / Otras sociedades financieras / Corto plazo (pasivos),Otra inversión / Créditos y anticipos comerciales / Otros sectores / Otras sociedades financieras / Corto plazo
780,3,Cuenta financiera,pasivos,-1,3.4.5.4.1.2,Largo plazo,Otra inversión / Créditos y anticipos comerciales / Otros sectores / Otras sociedades financieras / Largo plazo (pasivos),Otra inversión / Créditos y anticipos comerciales / Otros sectores / Otras sociedades financieras / Largo plazo
782,3,Cuenta financiera,pasivos,-1,3.4.5.4.2.1,Corto plazo,"Otra inversión / Créditos y anticipos comerciales / Otros sectores / Sociedades no financieras, hogares e ISFLSH / Corto plazo (pasivos)","Otra inversión / Créditos y anticipos comerciales / Otros sectores / Sociedades no financieras, hogares e ISFLSH / Corto plazo"
783,3,Cuenta financiera,pasivos,-1,3.4.5.4.2.2,Largo plazo,"Otra inversión / Créditos y anticipos comerciales / Otros sectores / Sociedades no financieras, hogares e ISFLSH / Largo plazo (pasivos)","Otra inversión / Créditos y anticipos comerciales / Otros sectores / Sociedades no financieras, hogares e ISFLSH / Largo plazo"
787,3,Cuenta financiera,activos,1,3.4.6.1.1,Corto plazo,Otra inversión / Otras cuentas por cobrar/por pagar ¿otros / Banco central / Corto plazo (activos),Otra inversión / Otras cuentas por cobrar/por pagar ¿otros / Banco central / Corto plazo
788,3,Cuenta financiera,activos,1,3.4.6.1.2,Largo plazo,Otra inversión / Otras cuentas por cobrar/por pagar ¿otros / Banco central / Largo plazo (activos),Otra inversión / Otras cuentas por cobrar/por pagar ¿otros / Banco central / Largo plazo
793,3,Cuenta financiera,activos,1,3.4.6.2.1,Corto plazo,"Otra inversión / Otras cuentas por cobrar/por pagar ¿otros / Sociedades captadoras de depósitos, excepto el banco central / Corto plazo (activos)","Otra inversión / Otras cuentas por cobrar/por pagar ¿otros / Sociedades captadoras de depósitos, excepto el banco central / Corto plazo"
794,3,Cuenta financiera,activos,1,3.4.6.2.2,Largo plazo,"Otra inversión / Otras cuentas por cobrar/por pagar ¿otros / Sociedades captadoras de depósitos, excepto el banco central / Largo plazo (activos)","Otra inversión / Otras cuentas por cobrar/por pagar ¿otros / Sociedades captadoras de depósitos, excepto el banco central / Largo plazo"
796,3,Cuenta financiera,activos,1,3.4.6.3.1,Corto plazo,Otra inversión / Otras cuentas por cobrar/por pagar ¿otros / Gobierno general / Corto plazo (activos),Otra inversión / Otras cuentas por cobrar/por pagar ¿otros / Gobierno general / Corto plazo
797,3,Cuenta financiera,activos,1,3.4.6.3.2,Largo plazo,Otra inversión / Otras cuentas por cobrar/por pagar ¿otros / Gobierno general / Largo plazo (activos),Otra inversión / Otras cuentas por cobrar/por pagar ¿otros / Gobierno general / Largo plazo
802,3,Cuenta financiera,activos,1,3.4.6.4.1.1,Corto plazo,Otra inversión / Otras cuentas por cobrar/por pagar ¿otros / Otros sectores / Otras sociedades financieras / Corto plazo (activos),Otra inversión / Otras cuentas por cobrar/por pagar ¿otros / Otros sectores / Otras sociedades financieras / Corto plazo
803,3,Cuenta financiera,activos,1,3.4.6.4.1.2,Largo plazo,Otra inversión / Otras cuentas por cobrar/por pagar ¿otros / Otros sectores / Otras sociedades financieras / Largo plazo (activos),Otra inversión / Otras cuentas por cobrar/por pagar ¿otros / Otros sectores / Otras sociedades financieras / Largo plazo
805,3,Cuenta financiera,activos,1,3.4.6.4.2.1,Corto plazo,"Otra inversión / Otras cuentas por cobrar/por pagar ¿otros / Otros sectores / Sociedades no financieras, hogares e ISFLSH / Corto plazo (activos)","Otra inversión / Otras cuentas por cobrar/por pagar ¿otros / Otros sectores / Sociedades no financieras, hogares e ISFLSH / Corto plazo"
806,3,Cuenta financiera,activos,1,3.4.6.4.2.2,Largo plazo,"Otra inversión / Otras cuentas por cobrar/por pagar ¿otros / Otros sectores / Sociedades no financieras, hogares e ISFLSH / Largo plazo (activos)","Otra inversión / Otras cuentas por cobrar/por pagar ¿otros / Otros sectores / Sociedades no financieras, hogares e ISFLSH / Largo plazo"
809,3,Cuenta financiera,pasivos,-1,3.4.6.1.1,Corto plazo,Otra inversión / Otras cuentas por cobrar/por pagar ¿otros / Banco central / Corto plazo (pasivos),Otra inversión / Otras cuentas por cobrar/por pagar ¿otros / Banco central / Corto plazo
810,3,Cuenta financiera,pasivos,-1,3.4.6.1.2,Largo plazo,Otra inversión / Otras cuentas por cobrar/por pagar ¿otros / Banco central / Largo plazo (pasivos),Otra inversión / Otras cuentas por cobrar/por pagar ¿otros / Banco central / Largo plazo
815,3,Cuenta financiera,pasivos,-1,3.4.6.2.1,Corto plazo,"Otra inversión / Otras cuentas por cobrar/por pagar ¿otros / Sociedades captadoras de depósitos, excepto el banco central / Corto plazo (pasivos)","Otra inversión / Otras cuentas por cobrar/por pagar ¿otros / Sociedades captadoras de depósitos, excepto el banco central / Corto plazo"
816,3,Cuenta financiera,pasivos,-1,3.4.6.2.2,Largo plazo,"Otra inversión / Otras cuentas por cobrar/por pagar ¿otros / Sociedades captadoras de depósitos, excepto el banco central / Largo plazo (pasivos)","Otra inversión / Otras cuentas por cobrar/por pagar ¿otros / Sociedades captadoras de depósitos, excepto el banco central / Largo plazo"
818,3,Cuenta financiera,pasivos,-1,3.4.6.3.1,Corto plazo,Otra inversión / Otras cuentas por cobrar/por pagar ¿otros / Gobierno general / Corto plazo (pasivos),Otra inversión / Otras cuentas por cobrar/por pagar ¿otros / Gobierno general / Corto plazo
819,3,Cuenta financiera,pasivos,-1,3.4.6.3.2,Largo plazo,Otra inversión / Otras cuentas por cobrar/por pagar ¿otros / Gobierno general / Largo plazo (pasivos),Otra inversión / Otras cuentas por cobrar/por pagar ¿otros / Gobierno general / Largo plazo
824,3,Cuenta financiera,pasivos,-1,3.4.6.4.1.1,Corto plazo,Otra inversión / Otras cuentas por cobrar/por pagar ¿otros / Otros sectores / Otras sociedades financieras / Corto plazo (pasivos),Otra inversión / Otras cuentas por cobrar/por pagar ¿otros / Otros sectores / Otras sociedades financieras / Corto plazo
825,3,Cuenta financiera,pasivos,-1,3.4.6.4.1.2,Largo plazo,Otra inversión / Otras cuentas por cobrar/por pagar ¿otros / Otros sectores / Otras sociedades financieras / Largo plazo (pasivos),Otra inversión / Otras cuentas por cobrar/por pagar ¿otros / Otros sectores / Otras sociedades financieras / Largo plazo
827,3,Cuenta financiera,pasivos,-1,3.4.6.4.2.1,Corto plazo,"Otra inversión / Otras cuentas por cobrar/por pagar ¿otros / Otros sectores / Sociedades no financieras, hogares e ISFLSH / Corto plazo (pasivos)","Otra inversión / Otras cuentas por cobrar/por pagar ¿otros / Otros sectores / Sociedades no financieras, hogares e ISFLSH / Corto plazo"
828,3,Cuenta financiera,pasivos,-1,3.4.6.4.2.2,Largo plazo,"Otra inversión / Otras cuentas por cobrar/por pagar ¿otros / Otros sectores / Sociedades no financieras, hogares e ISFLSH / Largo plazo (pasivos)","Otra inversión / Otras cuentas por cobrar/por pagar ¿otros / Otros sectores / Sociedades no financieras, hogares e ISFLSH / Largo plazo"
829,3,Cuenta financiera,pasivos,-1,3.4.7,Derechos especiales de giro (Pasivos netos incurridos),Otra inversión / Derechos especiales de giro (Pasivos netos incurridos) (pasivos),Otra inversión / Derechos especiales de giro (Pasivos netos incurridos)
832,3,Cuenta financiera,activos,1,3.5.1.1,Oro en lingotes,Activos de reserva / Oro monetario / Oro en lingotes,Activos de reserva / Oro monetario / Oro en lingotes
833,3,Cuenta financiera,activos,1,3.5.1.2,Cuentas de oro no asignadas,Activos de reserva / Oro monetario / Cuentas de oro no asignadas,Activos de reserva / Oro monetario / Cuentas de oro no asignadas
834,3,Cuenta financiera,activos,1,3.5.2,Derechos especiales de giro,Activos de reserva / Derechos especiales de giro,Activos de reserva / Derechos especiales de giro
835,3,Cuenta financiera,activos,1,3.5.3,Posición de reserva en el FMI,Activos de reserva / Posición de reserva en el FMI,Activos de reserva / Posición de reserva en el FMI
838,3,Cuenta financiera,activos,1,3.5.4.1.1,Derechos sobre activos de las autoridades monetarias,Activos de reserva / Otros activos de reserva / Moneda y depósitos / Derechos sobre activos de las autoridades monetarias,Activos de reserva / Otros activos de reserva / Moneda y depósitos / Derechos sobre activos de las autoridades monetarias
839,3,Cuenta financiera,activos,1,3.5.4.1.2,Derechos sobre activos de otras entidades,Activos de reserva / Otros activos de reserva / Moneda y depósitos / Derechos sobre activos de otras entidades,Activos de reserva / Otros activos de reserva / Moneda y depósitos / Derechos sobre activos de otras entidades
841,3,Cuenta financiera,activos,1,3.5.4.2.1,Títulos de deuda,Activos de reserva / Otros activos de reserva / Títulos-valores / Títulos de deuda,Activos de reserva / Otros activos de reserva / Títulos-valores / Títulos de deuda
844,3,Cuenta financiera,activos,1,3.5.4.2.2,Participaciones de capital y participaciones en fondos de inversión,Activos de reserva / Otros activos de reserva / Títulos-valores / Participaciones de capital y participaciones en fondos de inversión,Activos de reserva / Otros activos de reserva / Títulos-valores / Participaciones de capital y participaciones en fondos de inversión
845,3,Cuenta financiera,activos,1,3.5.4.3,Derivados financieros,Activos de reserva / Otros activos de reserva / Derivados financieros,Activos de reserva / Otros activos de reserva / Derivados financieros
846,3,Cuenta financiera,activos,1,3.5.4.4,Otros activos,Activos de reserva / Otros activos de reserva / Otros activos,Activos de reserva / Otros activos de reserva / Otros activos
