Orden,codigo,nombre,sangria,padre,tipo,lado,memo,alternativo,cuenta,duplicado,nivel,cuenta_nombre
1,1,Cuenta corriente,4,,partida,,False,False,1,False,0,Cuenta corriente
2,,Crédito (exportaciones),9,1.0,lado,credito,False,False,1,False,1,Cuenta corriente
3,,Débito (importaciones),9,1.0,lado,debito,False,False,1,False,1,Cuenta corriente
4,1.A,Bienes y servicios,14,1.0,partida,,False,False,1,False,1,Cuenta corriente
5,,Crédito (exportaciones),19,4.0,lado,credito,False,False,1,False,2,Cuenta corriente
6,,Débito (importaciones),19,4.0,lado,debito,False,False,1,False,2,Cuenta corriente
7,1.A.a,Bienes,24,4.0,partida,,False,False,1,False,2,Cuenta corriente
8,,Crédito (exportaciones),29,7.0,lado,credito,False,False,1,False,3,Cuenta corriente
9,,Débito (importaciones),29,7.0,lado,debito,False,False,1,False,3,Cuenta corriente
10,1.A.a.1,Mercancías generales según la BP,34,7.0,partida,,False,False,1,False,3,Cuenta corriente
11,,Crédito (exportaciones),39,10.0,lado,credito,False,False,1,False,4,Cuenta corriente
12,,Débito (importaciones),39,10.0,lado,debito,False,False,1,False,4,Cuenta corriente
13,1.A.a.1.1,De las cuales: Reexportación (crédito),44,10.0,partida,,True,False,1,False,4,Cuenta corriente
14,1.A.a.2,Exportaciones netas de bienes en compraventa (crédito),34,7.0,partida,,False,False,1,False,3,Cuenta corriente
15,1.A.a.2.1,Bienes adquiridos en virtud de compraventa (crédito negativo),44,14.0,partida,,False,False,1,False,4,Cuenta corriente
16,1.A.a.2.2,Bienes vendidos en virtud de compraventa,44,14.0,partida,,False,False,1,False,4,Cuenta corriente
17,1.A.a.3,Oro no monetario,34,7.0,partida,,False,False,1,False,3,Cuenta corriente
18,,Crédito (exportaciones),39,17.0,lado,credito,False,False,1,False,4,Cuenta corriente
19,,Débito (importaciones),39,17.0,lado,debito,False,False,1,False,4,Cuenta corriente
20,1.A.b,Servicios,24,4.0,partida,,False,False,1,False,2,Cuenta corriente
21,,Crédito (exportaciones),29,20.0,lado,credito,False,False,1,False,3,Cuenta corriente
22,,Débito (importaciones),29,20.0,lado,debito,False,False,1,False,3,Cuenta corriente
23,1.A.b.1,Servicios de manufactura sobre insumos físicos pertenecientes a otros,34,20.0,partida,,False,False,1,False,3,Cuenta corriente
24,,Crédito (exportaciones),39,23.0,lado,credito,False,False,1,False,4,Cuenta corriente
25,,Débito (importaciones),39,23.0,lado,debito,False,False,1,False,4,Cuenta corriente
26,1.A.b.1.1,"Bienes para transformación en la economía declarante - bienes devueltos (crédito), bienes recibidos (débito)",44,23.0,partida,,False,False,1,False,4,Cuenta corriente
27,,Crédito,49,26.0,lado,credito,False,False,1,False,5,Cuenta corriente
28,,Débito,49,26.0,lado,debito,False,False,1,False,5,Cuenta corriente
29,1.A.b.1.2,"Bienes para transformación en el exterior ¿ bienes enviados (crédito), bienes devueltos (débito)",44,23.0,partida,,False,False,1,False,4,Cuenta corriente
30,,Crédito,49,29.0,lado,credito,False,False,1,False,5,Cuenta corriente
31,,Débito,49,29.0,lado,debito,False,False,1,False,5,Cuenta corriente
32,1.A.b.2,Mantenimiento y reparaciones n.i.o.p. *,34,20.0,partida,,False,False,1,False,3,Cuenta corriente
33,,Crédito (exportaciones),39,32.0,lado,credito,False,False,1,False,4,Cuenta corriente
34,,Débito (importaciones),39,32.0,lado,debito,False,False,1,False,4,Cuenta corriente
35,1.A.b.3,Transporte,34,20.0,partida,,False,False,1,False,3,Cuenta corriente
36,,Crédito (exportaciones),39,35.0,lado,credito,False,False,1,False,4,Cuenta corriente
37,,Débito (importaciones),39,35.0,lado,debito,False,False,1,False,4,Cuenta corriente
38,1.A.b.3.0.1,Pasajeros,54,35.0,partida,,False,True,1,False,4,Cuenta corriente
39,,Crédito (exportaciones),59,38.0,lado,credito,False,False,1,False,5,Cuenta corriente
40,,Débito (importaciones),59,38.0,lado,debito,False,False,1,False,5,Cuenta corriente
41,1.A.b.3.0.1.1,"De los cuales: Pagadero por trabajadores fronterizos, de temporada y otros trabajadores temporales",64,38.0,partida,,True,True,1,False,5,Cuenta corriente
42,,Crédito (exportaciones),69,41.0,lado,credito,False,False,1,False,6,Cuenta corriente
43,,Débito (importaciones),69,41.0,lado,debito,False,False,1,False,6,Cuenta corriente
44,1.A.b.3.0.2,Flete,54,35.0,partida,,False,True,1,False,4,Cuenta corriente
45,,Crédito (exportaciones),59,44.0,lado,credito,False,False,1,False,5,Cuenta corriente
46,,Débito (importaciones),59,44.0,lado,debito,False,False,1,False,5,Cuenta corriente
47,1.A.b.3.0.3,Otros,54,35.0,partida,,False,True,1,False,4,Cuenta corriente
48,,Crédito (exportaciones),59,47.0,lado,credito,False,False,1,False,5,Cuenta corriente
49,,Débito (importaciones),59,47.0,lado,debito,False,False,1,False,5,Cuenta corriente
50,1.A.b.3.1,Transporte marítimo,44,35.0,partida,,False,False,1,False,4,Cuenta corriente
51,,Crédito (exportaciones),49,50.0,lado,credito,False,False,1,False,5,Cuenta corriente
52,,Débito (importaciones),49,50.0,lado,debito,False,False,1,False,5,Cuenta corriente
53,1.A.b.3.1.1,Pasajeros,54,50.0,partida,,False,False,1,False,5,Cuenta corriente
54,,Crédito (exportaciones),59,53.0,lado,credito,False,False,1,False,6,Cuenta corriente
55,,Débito (importaciones),59,53.0,lado,debito,False,False,1,False,6,Cuenta corriente
56,1.A.b.3.1.1.1,"De los cuales: Pagadero por trabajadores fronterizos, de temporada y otros trabajadores temporales",64,53.0,partida,,True,False,1,False,6,Cuenta corriente
57,,Crédito (exportaciones),69,56.0,lado,credito,False,False,1,False,7,Cuenta corriente
58,,Débito (importaciones),69,56.0,lado,debito,False,False,1,False,7,Cuenta corriente
59,1.A.b.3.1.2,Flete,54,50.0,partida,,False,False,1,False,5,Cuenta corriente
60,,Crédito (exportaciones),59,59.0,lado,credito,False,False,1,False,6,Cuenta corriente
61,,Débito (importaciones),59,59.0,lado,debito,False,False,1,False,6,Cuenta corriente
62,1.A.b.3.1.3,Otros,54,50.0,partida,,False,False,1,False,5,Cuenta corriente
63,,Crédito (exportaciones),59,62.0,lado,credito,False,False,1,False,6,Cuenta corriente
64,,Débito (importaciones),59,62.0,lado,debito,False,False,1,False,6,Cuenta corriente
65,1.A.b.3.2,Transporte aéreo,44,35.0,partida,,False,False,1,False,4,Cuenta corriente
66,,Crédito (exportaciones),49,65.0,lado,credito,False,False,1,False,5,Cuenta corriente
67,,Débito (importaciones),49,65.0,lado,debito,False,False,1,False,5,Cuenta corriente
68,1.A.b.3.2.1,Pasajeros,54,65.0,partida,,False,False,1,False,5,Cuenta corriente
69,,Crédito (exportaciones),59,68.0,lado,credito,False,False,1,False,6,Cuenta corriente
70,,Débito (importaciones),59,68.0,lado,debito,False,False,1,False,6,Cuenta corriente
71,1.A.b.3.2.1.1,"De los cuales: Pagadero por trabajadores fronterizos, de temporada y otros trabajadores temporales",64,68.0,partida,,True,False,1,False,6,Cuenta corriente
72,,Crédito (exportaciones),69,71.0,lado,credito,False,False,1,False,7,Cuenta corriente
73,,Débito (importaciones),69,71.0,lado,debito,False,False,1,False,7,Cuenta corriente
74,1.A.b.3.2.2,Flete,54,65.0,partida,,False,False,1,False,5,Cuenta corriente
75,,Crédito (exportaciones),59,74.0,lado,credito,False,False,1,False,6,Cuenta corriente
76,,Débito (importaciones),59,74.0,lado,debito,False,False,1,False,6,Cuenta corriente
77,1.A.b.3.2.3,Otros,54,65.0,partida,,False,False,1,False,5,Cuenta corriente
78,,Crédito (exportaciones),59,77.0,lado,credito,False,False,1,False,6,Cuenta corriente
79,,Débito (importaciones),59,77.0,lado,debito,False,False,1,False,6,Cuenta corriente
80,1.A.b.3.3,Otras modalidades de transporte,44,35.0,partida,,False,False,1,False,4,Cuenta corriente
81,,Crédito (exportaciones),49,80.0,lado,credito,False,False,1,False,5,Cuenta corriente
82,,Débito (importaciones),49,80.0,lado,debito,False,False,1,False,5,Cuenta corriente
83,1.A.b.3.3.1,Pasajeros,54,80.0,partida,,False,False,1,False,5,Cuenta corriente
84,,Crédito (exportaciones),59,83.0,lado,credito,False,False,1,False,6,Cuenta corriente
85,,Débito (importaciones),59,83.0,lado,debito,False,False,1,False,6,Cuenta corriente
86,1.A.b.3.3.1.1,"De los cuales: Pagadero por trabajadores fronterizos, de temporada y otros trabajadores temporales",64,83.0,partida,,True,False,1,False,6,Cuenta corriente
87,,Crédito (exportaciones),69,86.0,lado,credito,False,False,1,False,7,Cuenta corriente
88,,Débito (importaciones),69,86.0,lado,debito,False,False,1,False,7,Cuenta corriente
89,1.A.b.3.3.2,Flete,54,80.0,partida,,False,False,1,False,5,Cuenta corriente
90,,Crédito (exportaciones),59,89.0,lado,credito,False,False,1,False,6,Cuenta corriente
91,,Débito (importaciones),59,89.0,lado,debito,False,False,1,False,6,Cuenta corriente
92,1.A.b.3.3.3,Otros,54,80.0,partida,,False,False,1,False,5,Cuenta corriente
93,,Crédito (exportaciones),59,92.0,lado,credito,False,False,1,False,6,Cuenta corriente
94,,Débito (importaciones),59,92.0,lado,debito,False,False,1,False,6,Cuenta corriente
95,1.A.b.3.4,Servicios postales y de mensajería,44,35.0,partida,,False,False,1,False,4,Cuenta corriente
96,,Crédito (exportaciones),49,95.0,lado,credito,False,False,1,False,5,Cuenta corriente
97,,Débito (importaciones),49,95.0,lado,debito,False,False,1,False,5,Cuenta corriente
98,1.A.b.4,Viajes,34,20.0,partida,,False,False,1,False,3,Cuenta corriente
99,,Crédito (exportaciones),39,98.0,lado,credito,False,False,1,False,4,Cuenta corriente
100,,Débito (importaciones),39,98.0,lado,debito,False,False,1,False,4,Cuenta corriente
101,1.A.b.4.1,De negocios,44,98.0,partida,,False,False,1,False,4,Cuenta corriente
102,,Crédito (exportaciones),49,101.0,lado,credito,False,False,1,False,5,Cuenta corriente
103,,Débito (importaciones),49,101.0,lado,debito,False,False,1,False,5,Cuenta corriente
104,1.A.b.4.1.1,"Adquisición de bienes y servicios por trabajadores fronterizos, de temporada y otros trabajadores temporales",54,101.0,partida,,False,False,1,False,5,Cuenta corriente
105,,Crédito (exportaciones),59,104.0,lado,credito,False,False,1,False,6,Cuenta corriente
106,,Débito (importaciones),59,104.0,lado,debito,False,False,1,False,6,Cuenta corriente
107,1.A.b.4.1.2,Otros,54,101.0,partida,,False,False,1,False,5,Cuenta corriente
108,,Crédito (exportaciones),59,107.0,lado,credito,False,False,1,False,6,Cuenta corriente
109,,Débito (importaciones),59,107.0,lado,debito,False,False,1,False,6,Cuenta corriente
110,1.A.b.4.2,Personales,44,98.0,partida,,False,False,1,False,4,Cuenta corriente
111,,Crédito (exportaciones),49,110.0,lado,credito,False,False,1,False,5,Cuenta corriente
112,,Débito (importaciones),49,110.0,lado,debito,False,False,1,False,5,Cuenta corriente
113,1.A.b.4.2.1,Por motivos de salud,54,110.0,partida,,False,False,1,False,5,Cuenta corriente
114,,Crédito (exportaciones),59,113.0,lado,credito,False,False,1,False,6,Cuenta corriente
115,,Débito (importaciones),59,113.0,lado,debito,False,False,1,False,6,Cuenta corriente
116,1.A.b.4.2.2,Por motivos de educación,54,110.0,partida,,False,False,1,False,5,Cuenta corriente
117,,Crédito (exportaciones),59,116.0,lado,credito,False,False,1,False,6,Cuenta corriente
118,,Débito (importaciones),59,116.0,lado,debito,False,False,1,False,6,Cuenta corriente
119,1.A.b.4.2.3,Otros,54,110.0,partida,,False,False,1,False,5,Cuenta corriente
120,,Crédito (exportaciones),59,119.0,lado,credito,False,False,1,False,6,Cuenta corriente
121,,Débito (importaciones),59,119.0,lado,debito,False,False,1,False,6,Cuenta corriente
122,1.A.b.4.0.1,Bienes,54,110.0,partida,,False,True,1,False,5,Cuenta corriente
123,,Crédito (exportaciones),59,122.0,lado,credito,False,False,1,False,6,Cuenta corriente
124,,Débito (importaciones),59,122.0,lado,debito,False,False,1,False,6,Cuenta corriente
125,1.A.b.4.0.2,Servicios de transporte local,54,110.0,partida,,False,True,1,False,5,Cuenta corriente
126,,Crédito (exportaciones),59,125.0,lado,credito,False,False,1,False,6,Cuenta corriente
127,,Débito (importaciones),59,125.0,lado,debito,False,False,1,False,6,Cuenta corriente
128,1.A.b.4.0.3,Servicios de hospedaje,54,110.0,partida,,False,True,1,False,5,Cuenta corriente
129,,Crédito (exportaciones),59,128.0,lado,credito,False,False,1,False,6,Cuenta corriente
130,,Débito (importaciones),59,128.0,lado,debito,False,False,1,False,6,Cuenta corriente
131,1.A.b.4.0.4,Servicios de suministro de alimentos,54,110.0,partida,,False,True,1,False,5,Cuenta corriente
132,,Crédito (exportaciones),59,131.0,lado,credito,False,False,1,False,6,Cuenta corriente
133,,Débito (importaciones),59,131.0,lado,debito,False,False,1,False,6,Cuenta corriente
134,1.A.b.4.0.5,Otros servicios,54,110.0,partida,,False,True,1,False,5,Cuenta corriente
135,,Crédito (exportaciones),59,134.0,lado,credito,False,False,1,False,6,Cuenta corriente
136,,Débito (importaciones),59,134.0,lado,debito,False,False,1,False,6,Cuenta corriente
137,1.A.b.4.0.5.1,De los cuales: Servicios de salud,64,134.0,partida,,True,True,1,False,6,Cuenta corriente
138,,Crédito (exportaciones),69,137.0,lado,credito,False,False,1,False,7,Cuenta corriente
139,,Débito (importaciones),69,137.0,lado,debito,False,False,1,False,7,Cuenta corriente
140,1.A.b.4.0.5.2,De los cuales: Servicios de educación,64,134.0,partida,,True,True,1,False,6,Cuenta corriente
141,,Crédito (exportaciones),69,140.0,lado,credito,False,False,1,False,7,Cuenta corriente
142,,Débito (importaciones),69,140.0,lado,debito,False,False,1,False,7,Cuenta corriente
143,1.A.b.5,Construcción,34,20.0,partida,,False,False,1,False,3,Cuenta corriente
144,,Crédito (exportaciones),39,143.0,lado,credito,False,False,1,False,4,Cuenta corriente
145,,Débito (importaciones),39,143.0,lado,debito,False,False,1,False,4,Cuenta corriente
146,1.A.b.5.1,Construcción en el extranjero,44,143.0,partida,,False,False,1,False,4,Cuenta corriente
147,,Crédito (exportaciones),49,146.0,lado,credito,False,False,1,False,5,Cuenta corriente
148,,Débito (importaciones),49,146.0,lado,debito,False,False,1,False,5,Cuenta corriente
149,1.A.b.5.2,Construcción en la economía declarante,44,143.0,partida,,False,False,1,False,4,Cuenta corriente
150,,Crédito (exportaciones),49,149.0,lado,credito,False,False,1,False,5,Cuenta corriente
151,,Débito (importaciones),49,149.0,lado,debito,False,False,1,False,5,Cuenta corriente
152,1.A.b.6,Servicios de seguros y pensiones,34,20.0,partida,,False,False,1,False,3,Cuenta corriente
153,,Crédito (exportaciones),39,152.0,lado,credito,False,False,1,False,4,Cuenta corriente
154,,Débito (importaciones),39,152.0,lado,debito,False,False,1,False,4,Cuenta corriente
155,1.A.b.6.1,Seguros directos,44,152.0,partida,,False,False,1,False,4,Cuenta corriente
156,,Crédito (exportaciones),49,155.0,lado,credito,False,False,1,False,5,Cuenta corriente
157,,Débito (importaciones),49,155.0,lado,debito,False,False,1,False,5,Cuenta corriente
158,1.A.b.6.2,Reaseguros,44,152.0,partida,,False,False,1,False,4,Cuenta corriente
159,,Crédito (exportaciones),49,158.0,lado,credito,False,False,1,False,5,Cuenta corriente
160,,Débito (importaciones),49,158.0,lado,debito,False,False,1,False,5,Cuenta corriente
161,1.A.b.6.3,Servicios auxiliares de los seguros,44,152.0,partida,,False,False,1,False,4,Cuenta corriente
162,,Crédito (exportaciones),49,161.0,lado,credito,False,False,1,False,5,Cuenta corriente
163,,Débito (importaciones),49,161.0,lado,debito,False,False,1,False,5,Cuenta corriente
164,1.A.b.6.4,Servicios de pensiones y garantías normalizadas,44,152.0,partida,,False,False,1,False,4,Cuenta corriente
165,,Crédito (exportaciones),49,164.0,lado,credito,False,False,1,False,5,Cuenta corriente
166,,Débito (importaciones),49,164.0,lado,debito,False,False,1,False,5,Cuenta corriente
167,1.A.b.7,Servicios financieros,34,20.0,partida,,False,False,1,False,3,Cuenta corriente
168,,Crédito (exportaciones),39,167.0,lado,credito,False,False,1,False,4,Cuenta corriente
169,,Débito (importaciones),39,167.0,lado,debito,False,False,1,False,4,Cuenta corriente
170,1.A.b.7.1,Servicios que se cobran explícitamente y otros servicios financieros,44,167.0,partida,,False,False,1,False,4,Cuenta corriente
171,,Crédito (exportaciones),49,170.0,lado,credito,False,False,1,False,5,Cuenta corriente
172,,Débito (importaciones),49,170.0,lado,debito,False,False,1,False,5,Cuenta corriente
173,1.A.b.7.2,Servicios de intermediación financiera medidos indirectamente (SIFMI),44,167.0,partida,,False,False,1,False,4,Cuenta corriente
174,,Crédito (exportaciones),49,173.0,lado,credito,False,False,1,False,5,Cuenta corriente
175,,Débito (importaciones),49,173.0,lado,debito,False,False,1,False,5,Cuenta corriente
176,1.A.b.8,Cargos por el uso de la propiedad intelectual n.i.o.p.,34,20.0,partida,,False,False,1,False,3,Cuenta corriente
177,,Crédito (exportaciones),39,176.0,lado,credito,False,False,1,False,4,Cuenta corriente
178,,Débito (importaciones),39,176.0,lado,debito,False,False,1,False,4,Cuenta corriente
179,1.A.b.9,"Servicios de telecomunicaciones, informática e información",34,20.0,partida,,False,False,1,False,3,Cuenta corriente
180,,Crédito (exportaciones),39,179.0,lado,credito,False,False,1,False,4,Cuenta corriente
181,,Débito (importaciones),39,179.0,lado,debito,False,False,1,False,4,Cuenta corriente
182,1.A.b.9.1,Servicios de telecomunicaciones,44,179.0,partida,,False,False,1,False,4,Cuenta corriente
183,,Crédito (exportaciones),49,182.0,lado,credito,False,False,1,False,5,Cuenta corriente
184,,Débito (importaciones),49,182.0,lado,debito,False,False,1,False,5,Cuenta corriente
185,1.A.b.9.2,Servicios informáticos,44,179.0,partida,,False,False,1,False,4,Cuenta corriente
186,,Crédito (exportaciones),49,185.0,lado,credito,False,False,1,False,5,Cuenta corriente
187,,Débito (importaciones),49,185.0,lado,debito,False,False,1,False,5,Cuenta corriente
188,1.A.b.9.3,Servicios de información,44,179.0,partida,,False,False,1,False,4,Cuenta corriente
189,,Crédito (exportaciones),49,188.0,lado,credito,False,False,1,False,5,Cuenta corriente
190,,Débito (importaciones),49,188.0,lado,debito,False,False,1,False,5,Cuenta corriente
191,1.A.b.10,Otros servicios empresariales,34,20.0,partida,,False,False,1,False,3,Cuenta corriente
192,,Crédito (exportaciones),39,191.0,lado,credito,False,False,1,False,4,Cuenta corriente
193,,Débito (importaciones),39,191.0,lado,debito,False,False,1,False,4,Cuenta corriente
194,1.A.b.10.1,Servicios de investigación y desarrollo,44,191.0,partida,,False,False,1,False,4,Cuenta corriente
195,,Crédito (exportaciones),49,194.0,lado,credito,False,False,1,False,5,Cuenta corriente
196,,Débito (importaciones),49,194.0,lado,debito,False,False,1,False,5,Cuenta corriente
197,1.A.b.10.2,Servicios profesionales y de consultoría en administración de empresas,44,191.0,partida,,False,False,1,False,4,Cuenta corriente
198,,Crédito (exportaciones),49,197.0,lado,credito,False,False,1,False,5,Cuenta corriente
199,,Débito (importaciones),49,197.0,lado,debito,False,False,1,False,5,Cuenta corriente
200,1.A.b.10.3,"Servicios técnicos, relacionados con el comercio y otros servicios empresariales",44,191.0,partida,,False,False,1,False,4,Cuenta corriente
201,,Crédito (exportaciones),49,200.0,lado,credito,False,False,1,False,5,Cuenta corriente
202,,Débito (importaciones),49,200.0,lado,debito,False,False,1,False,5,Cuenta corriente
203,1.A.b.11,"Servicios personales, culturales y recreativos",34,20.0,partida,,False,False,1,False,3,Cuenta corriente
204,,Crédito (exportaciones),39,203.0,lado,credito,False,False,1,False,4,Cuenta corriente
205,,Débito (importaciones),39,203.0,lado,debito,False,False,1,False,4,Cuenta corriente
206,1.A.b.11.1,Servicios audiovisuales y conexos,44,203.0,partida,,False,False,1,False,4,Cuenta corriente
207,,Crédito (exportaciones),49,206.0,lado,credito,False,False,1,False,5,Cuenta corriente
208,,Débito (importaciones),49,206.0,lado,debito,False,False,1,False,5,Cuenta corriente
209,1.A.b.11.2,"Otros servicios personales, culturales y recreativos",44,203.0,partida,,False,False,1,False,4,Cuenta corriente
210,,Crédito (exportaciones),49,209.0,lado,credito,False,False,1,False,5,Cuenta corriente
211,,Débito (importaciones),49,209.0,lado,debito,False,False,1,False,5,Cuenta corriente
212,1.A.b.12,"Bienes y servicios del gobierno, n.i.o.p.",34,20.0,partida,,False,False,1,False,3,Cuenta corriente
213,,Crédito (exportaciones),39,212.0,lado,credito,False,False,1,False,4,Cuenta corriente
214,,Débito (importaciones),39,212.0,lado,debito,False,False,1,False,4,Cuenta corriente
215,1.A.b.0.1,Servicios relacionados con el turismo en viajes y transporte de pasajeros,44,212.0,partida,,False,True,1,False,4,Cuenta corriente
216,,Crédito (exportaciones),49,215.0,lado,credito,False,False,1,False,5,Cuenta corriente
217,,Débito (importaciones),49,215.0,lado,debito,False,False,1,False,5,Cuenta corriente
218,1.B,Ingreso primario (Renta factorial),14,1.0,partida,,False,False,1,False,1,Cuenta corriente
219,,Crédito,19,218.0,lado,credito,False,False,1,False,2,Cuenta corriente
220,,Débito,19,218.0,lado,debito,False,False,1,False,2,Cuenta corriente
221,1.B.1,Remuneración de empleados,24,218.0,partida,,False,False,1,False,2,Cuenta corriente
222,,Crédito,29,221.0,lado,credito,False,False,1,False,3,Cuenta corriente
223,,Débito,29,221.0,lado,debito,False,False,1,False,3,Cuenta corriente
224,1.B.2,Renta de la inversión,24,218.0,partida,,False,False,1,False,2,Cuenta corriente
225,,Crédito,29,224.0,lado,credito,False,False,1,False,3,Cuenta corriente
226,,Débito,29,224.0,lado,debito,False,False,1,False,3,Cuenta corriente
227,1.B.2.1,Inversión directa,34,224.0,partida,,False,False,1,False,3,Cuenta corriente
228,,Crédito,39,227.0,lado,credito,False,False,1,False,4,Cuenta corriente
229,,Débito,39,227.0,lado,debito,False,False,1,False,4,Cuenta corriente
230,1.B.2.1.1,Renta procedente de participaciones de capital y participaciones en fondos de inversión,44,227.0,partida,,False,False,1,False,4,Cuenta corriente
231,,Crédito,49,230.0,lado,credito,False,False,1,False,5,Cuenta corriente
232,,Débito,49,230.0,lado,debito,False,False,1,False,5,Cuenta corriente
233,1.B.2.1.1.1,Dividendos y retiros de ingresos de cuasisociedades,54,230.0,partida,,False,False,1,False,5,Cuenta corriente
234,,Crédito,59,233.0,lado,credito,False,False,1,False,6,Cuenta corriente
235,,Débito,59,233.0,lado,debito,False,False,1,False,6,Cuenta corriente
236,1.B.2.1.1.1.1,Inversionista directo en empresas de inversión directa,64,233.0,partida,,False,False,1,False,6,Cuenta corriente
237,,Crédito,69,236.0,lado,credito,False,False,1,False,7,Cuenta corriente
238,,Débito,69,236.0,lado,debito,False,False,1,False,7,Cuenta corriente
239,1.B.2.1.1.1.2,Empresas de inversión directa en inversionista directo (inversión en sentido contrario),64,233.0,partida,,False,False,1,False,6,Cuenta corriente
240,,Crédito,69,239.0,lado,credito,False,False,1,False,7,Cuenta corriente
241,,Débito,69,239.0,lado,debito,False,False,1,False,7,Cuenta corriente
242,1.B.2.1.1.1.3,Entre empresas emparentadas,64,233.0,partida,,False,False,1,False,6,Cuenta corriente
243,,Crédito,69,242.0,lado,credito,False,False,1,False,7,Cuenta corriente
244,,Débito,69,242.0,lado,debito,False,False,1,False,7,Cuenta corriente
245,1.B.2.1.1.1.3.1,si la casa matriz que ejerce el control final es residente,74,242.0,partida,,False,False,1,False,7,Cuenta corriente
246,,Crédito,79,245.0,lado,credito,False,False,1,False,8,Cuenta corriente
247,,Débito,79,245.0,lado,debito,False,False,1,False,8,Cuenta corriente
248,1.B.2.1.1.1.3.2,si la casa matriz que ejerce el control final es no residente,74,242.0,partida,,False,False,1,False,7,Cuenta corriente
249,,Crédito,79,248.0,lado,credito,False,False,1,False,8,Cuenta corriente
250,,Débito,79,248.0,lado,debito,False,False,1,False,8,Cuenta corriente
251,1.B.2.1.1.1.3.3,si se desconoce la casa matriz que ejerce el control final,74,242.0,partida,,False,False,1,False,7,Cuenta corriente
252,,Crédito,79,251.0,lado,credito,False,False,1,False,8,Cuenta corriente
253,,Débito,79,251.0,lado,debito,False,False,1,False,8,Cuenta corriente
254,1.B.2.1.1.2,Utilidades reinvertidas,54,230.0,partida,,False,False,1,False,5,Cuenta corriente
255,,Crédito,59,254.0,lado,credito,False,False,1,False,6,Cuenta corriente
256,,Débito,59,254.0,lado,debito,False,False,1,False,6,Cuenta corriente
257,,"Renta de la inversión atribuible a titulares de pólizas de seguros, planes de pensiones y garantías normalizadas, y a los accionistas de fondos de inversión",54,230.0,partida,,False,False,1,False,5,Cuenta corriente
258,,Crédito,59,257.0,lado,credito,False,False,1,False,6,Cuenta corriente
259,,Débito,59,257.0,lado,debito,False,False,1,False,6,Cuenta corriente
260,,De la cual: Renta de la inversión atribuible a los accionistas de fondos de inversión,64,257.0,partida,,True,False,1,False,6,Cuenta corriente
261,,Crédito,69,260.0,lado,credito,False,False,1,False,7,Cuenta corriente
262,,Débito,69,260.0,lado,debito,False,False,1,False,7,Cuenta corriente
263,1.B.2.1.2,Intereses,44,227.0,partida,,False,False,1,False,4,Cuenta corriente
264,,Crédito,49,263.0,lado,credito,False,False,1,False,5,Cuenta corriente
265,,Débito,49,263.0,lado,debito,False,False,1,False,5,Cuenta corriente
266,1.B.2.1.2.1,Inversionista directo en empresas de inversión directa,54,263.0,partida,,False,False,1,False,5,Cuenta corriente
267,,Crédito,59,266.0,lado,credito,False,False,1,False,6,Cuenta corriente
268,,Débito,59,266.0,lado,debito,False,False,1,False,6,Cuenta corriente
269,1.B.2.1.2.2,Empresas de inversión directa en inversionista directo (inversión en sentido contrario),54,263.0,partida,,False,False,1,False,5,Cuenta corriente
270,,Crédito,59,269.0,lado,credito,False,False,1,False,6,Cuenta corriente
271,,Débito,59,269.0,lado,debito,False,False,1,False,6,Cuenta corriente
272,1.B.2.1.2.3,Entre empresas emparentadas,54,263.0,partida,,False,False,1,False,5,Cuenta corriente
273,,Crédito,59,272.0,lado,credito,False,False,1,False,6,Cuenta corriente
274,,Débito,59,272.0,lado,debito,False,False,1,False,6,Cuenta corriente
275,1.B.2.1.2.3.1,si la casa matriz que ejerce el control final es residente,64,272.0,partida,,False,False,1,False,6,Cuenta corriente
276,,Crédito,69,275.0,lado,credito,False,False,1,False,7,Cuenta corriente
277,,Débito,69,275.0,lado,debito,False,False,1,False,7,Cuenta corriente
278,1.B.2.1.2.3.2,si la casa matriz que ejerce el control final es no residente,64,272.0,partida,,False,False,1,False,6,Cuenta corriente
279,,Crédito,69,278.0,lado,credito,False,False,1,False,7,Cuenta corriente
280,,Débito,69,278.0,lado,debito,False,False,1,False,7,Cuenta corriente
281,1.B.2.1.2.3.3,si se desconoce la casa matriz que ejerce el control final,64,272.0,partida,,False,False,1,False,6,Cuenta corriente
282,,Crédito,69,281.0,lado,credito,False,False,1,False,7,Cuenta corriente
283,,Débito,69,281.0,lado,debito,False,False,1,False,7,Cuenta corriente
284,1.B.2.1.2M,Partida informativa: Intereses antes de los SIFMI,44,227.0,partida,,True,False,1,False,4,Cuenta corriente
285,,Crédito,49,284.0,lado,credito,False,False,1,False,5,Cuenta corriente
286,,Débito,49,284.0,lado,debito,False,False,1,False,5,Cuenta corriente
287,1.B.2.2,Inversión de cartera,34,224.0,partida,,False,False,1,False,3,Cuenta corriente
288,,Crédito,39,287.0,lado,credito,False,False,1,False,4,Cuenta corriente
289,,Débito,39,287.0,lado,debito,False,False,1,False,4,Cuenta corriente
290,1.B.2.2.1,Renta de la inversión procedente de participaciones de capital y participaciones en fondos de inversión,44,287.0,partida,,False,False,1,False,4,Cuenta corriente
291,,Crédito,49,290.0,lado,credito,False,False,1,False,5,Cuenta corriente
292,,Débito,49,290.0,lado,debito,False,False,1,False,5,Cuenta corriente
293,1.B.2.2.1.1,Dividendos de participaciones de capital excluidas las participaciones en fondos de inversión,54,290.0,partida,,False,False,1,False,5,Cuenta corriente
294,,Crédito,59,293.0,lado,credito,False,False,1,False,6,Cuenta corriente
295,,Débito,59,293.0,lado,debito,False,False,1,False,6,Cuenta corriente
296,1.B.2.2.1.2,Renta de la inversión atribuible a accionistas de fondos de inversión,54,290.0,partida,,False,False,1,False,5,Cuenta corriente
297,,Crédito,59,296.0,lado,credito,False,False,1,False,6,Cuenta corriente
298,,Débito,59,296.0,lado,debito,False,False,1,False,6,Cuenta corriente
299,1.B.2.2.1.2.1,Dividendos,64,296.0,partida,,False,False,1,False,6,Cuenta corriente
300,,Crédito,69,299.0,lado,credito,False,False,1,False,7,Cuenta corriente
301,,Débito,69,299.0,lado,debito,False,False,1,False,7,Cuenta corriente
302,1.B.2.2.1.2.2,Utilidades reinvertidas,64,296.0,partida,,False,False,1,False,6,Cuenta corriente
303,,Crédito,69,302.0,lado,credito,False,False,1,False,7,Cuenta corriente
304,,Débito,69,302.0,lado,debito,False,False,1,False,7,Cuenta corriente
305,1.B.2.2.2,Intereses,44,287.0,partida,,False,False,1,False,4,Cuenta corriente
306,,Crédito,49,305.0,lado,credito,False,False,1,False,5,Cuenta corriente
307,,Débito,49,305.0,lado,debito,False,False,1,False,5,Cuenta corriente
308,1.B.2.2.2.1,Corto plazo,54,305.0,partida,,False,False,1,False,5,Cuenta corriente
309,,Crédito,59,308.0,lado,credito,False,False,1,False,6,Cuenta corriente
310,,Débito,59,308.0,lado,debito,False,False,1,False,6,Cuenta corriente
311,1.B.2.2.2.2,Largo plazo,54,305.0,partida,,False,False,1,False,5,Cuenta corriente
312,,Crédito,59,311.0,lado,credito,False,False,1,False,6,Cuenta corriente
313,,Débito,59,311.0,lado,debito,False,False,1,False,6,Cuenta corriente
314,1.B.2.3,Otra inversión,34,224.0,partida,,False,False,1,False,3,Cuenta corriente
315,,Crédito,39,314.0,lado,credito,False,False,1,False,4,Cuenta corriente
316,,Débito,39,314.0,lado,debito,False,False,1,False,4,Cuenta corriente
317,1.B.2.3.1,Retiros de ingresos de cuasisociedades,44,314.0,partida,,False,False,1,False,4,Cuenta corriente
318,,Crédito,49,317.0,lado,credito,False,False,1,False,5,Cuenta corriente
319,,Débito,49,317.0,lado,debito,False,False,1,False,5,Cuenta corriente
320,1.B.2.3.2,Intereses,44,314.0,partida,,False,False,1,False,4,Cuenta corriente
321,,Crédito,49,320.0,lado,credito,False,False,1,False,5,Cuenta corriente
322,,Débito,49,320.0,lado,debito,False,False,1,False,5,Cuenta corriente
323,1.B.2.3.2M,Partida informativa: Intereses antes de los SIFMI,44,314.0,partida,,True,False,1,False,4,Cuenta corriente
324,,Crédito,49,323.0,lado,credito,False,False,1,False,5,Cuenta corriente
325,,Débito,49,323.0,lado,debito,False,False,1,False,5,Cuenta corriente
326,1.B.2.3.3,"Renta de la inversión atribuible a titulares de pólizas de seguros, planes de pensiones y mecanismos normalizados de garantía",44,314.0,partida,,False,False,1,False,4,Cuenta corriente
327,,Crédito,49,326.0,lado,credito,False,False,1,False,5,Cuenta corriente
328,,Débito,49,326.0,lado,debito,False,False,1,False,5,Cuenta corriente
329,1.B.2.4,Activos de reserva,34,224.0,partida,,False,False,1,False,3,Cuenta corriente
330,,Crédito,39,329.0,lado,credito,False,False,1,False,4,Cuenta corriente
331,,Débito,39,329.0,lado,debito,False,False,1,False,4,Cuenta corriente
332,1.B.2.4.1,Renta procedente de participaciones de capital y participaciones en fondos de inversión,44,329.0,partida,,False,False,1,False,4,Cuenta corriente
333,,Crédito,49,332.0,lado,credito,False,False,1,False,5,Cuenta corriente
334,,Débito,49,332.0,lado,debito,False,False,1,False,5,Cuenta corriente
335,1.B.2.4.2,Intereses,44,329.0,partida,,False,False,1,False,4,Cuenta corriente
336,,Crédito,49,335.0,lado,credito,False,False,1,False,5,Cuenta corriente
337,,Débito,49,335.0,lado,debito,False,False,1,False,5,Cuenta corriente
338,1.B.2.4.2M,Partida informativa: Intereses antes de los SIFMI,44,329.0,partida,,True,False,1,False,4,Cuenta corriente
339,,Crédito,49,338.0,lado,credito,False,False,1,False,5,Cuenta corriente
340,,Débito,49,338.0,lado,debito,False,False,1,False,5,Cuenta corriente
341,1.B.3,Otro ingreso primario,24,218.0,partida,,False,False,1,False,2,Cuenta corriente
342,,Crédito,29,341.0,lado,credito,False,False,1,False,3,Cuenta corriente
343,,Débito,29,341.0,lado,debito,False,False,1,False,3,Cuenta corriente
344,1.B.3.1,Otros impuestos a la producción,34,341.0,partida,,False,False,1,False,3,Cuenta corriente
345,,Crédito,39,344.0,lado,credito,False,False,1,False,4,Cuenta corriente
346,,Débito,39,344.0,lado,debito,False,False,1,False,4,Cuenta corriente
347,1.B.3.2,Otros subsidios a la producción,34,341.0,partida,,False,False,1,False,3,Cuenta corriente
348,,Crédito,39,347.0,lado,credito,False,False,1,False,4,Cuenta corriente
349,,Débito,39,347.0,lado,debito,False,False,1,False,4,Cuenta corriente
350,1.B.3.3,Arriendo,34,341.0,partida,,False,False,1,False,3,Cuenta corriente
351,,Crédito,39,350.0,lado,credito,False,False,1,False,4,Cuenta corriente
352,,Débito,39,350.0,lado,debito,False,False,1,False,4,Cuenta corriente
353,1.C,Ingreso secundario (Transferencias corrientes),14,1.0,partida,,False,False,1,False,1,Cuenta corriente
354,,Crédito,19,353.0,lado,credito,False,False,1,False,2,Cuenta corriente
355,,Débito,19,353.0,lado,debito,False,False,1,False,2,Cuenta corriente
356,1.C.1,Gobierno general,24,353.0,partida,,False,False,1,False,2,Cuenta corriente
357,,Crédito,29,356.0,lado,credito,False,False,1,False,3,Cuenta corriente
358,,Débito,29,356.0,lado,debito,False,False,1,False,3,Cuenta corriente
359,1.C.1.1,"Impuestos corrientes sobre la renta, el patrimonio, etc.",34,356.0,partida,,False,False,1,False,3,Cuenta corriente
360,1.C.1.1.1,"De los cuales: Pagadero por trabajadores fronterizos, de temporada y otros trabajadores temporales",44,359.0,partida,,True,False,1,False,4,Cuenta corriente
361,1.C.1.2,Contribuciones sociales (Crédito),34,356.0,partida,,False,False,1,False,3,Cuenta corriente
362,1.C.1.2.1,"De las cuales: Pagadero por trabajadores fronterizos, de temporada y otros trabajadores temporales",44,361.0,partida,,True,False,1,False,4,Cuenta corriente
363,1.C.1.3,Prestaciones sociales (Débito),34,356.0,partida,,False,False,1,False,3,Cuenta corriente
364,1.C.1.4,Cooperación internacional corriente,34,356.0,partida,,False,False,1,False,3,Cuenta corriente
365,,Crédito,39,364.0,lado,credito,False,False,1,False,4,Cuenta corriente
366,,Débito,39,364.0,lado,debito,False,False,1,False,4,Cuenta corriente
367,1.C.1.5,Transferencias corrientes diversas del gobierno general,34,356.0,partida,,False,False,1,False,3,Cuenta corriente
368,,Crédito,39,367.0,lado,credito,False,False,1,False,4,Cuenta corriente
369,,Débito,39,367.0,lado,debito,False,False,1,False,4,Cuenta corriente
370,1.C.1.5.1,De las cuales: transferencias corrientes a las ISFLSH**,44,367.0,partida,,True,False,1,False,4,Cuenta corriente
371,,Crédito,49,370.0,lado,credito,False,False,1,False,5,Cuenta corriente
372,,Débito,49,370.0,lado,debito,False,False,1,False,5,Cuenta corriente
373,1.C.2,"Sociedades financieras, sociedades no financieras, hogares e ISFLSH",24,353.0,partida,,False,False,1,False,2,Cuenta corriente
374,,Crédito,29,373.0,lado,credito,False,False,1,False,3,Cuenta corriente
375,,Débito,29,373.0,lado,debito,False,False,1,False,3,Cuenta corriente
376,1.C.2.1,Transferencias personales (transferencias corrientes entre hogares residentes y no residentes),34,373.0,partida,,False,False,1,False,3,Cuenta corriente
377,,Crédito,39,376.0,lado,credito,False,False,1,False,4,Cuenta corriente
378,,Débito,39,376.0,lado,debito,False,False,1,False,4,Cuenta corriente
379,1.C.2.1.1,De las cuales: Remesas de trabajadores,44,376.0,partida,,True,False,1,False,4,Cuenta corriente
380,,Crédito,49,379.0,lado,credito,False,False,1,False,5,Cuenta corriente
381,,Débito,49,379.0,lado,debito,False,False,1,False,5,Cuenta corriente
382,1.C.2.2,Otras transferencias corrientes,34,373.0,partida,,False,False,1,False,3,Cuenta corriente
383,,Crédito,39,382.0,lado,credito,False,False,1,False,4,Cuenta corriente
384,,Débito,39,382.0,lado,debito,False,False,1,False,4,Cuenta corriente
385,1.C.2.0.1,"Impuestos corrientes sobre la renta, el patrimonio, etc. (débito)",44,382.0,partida,,False,True,1,False,4,Cuenta corriente
386,1.C.2.0.2,Contribuciones sociales,44,382.0,partida,,False,True,1,False,4,Cuenta corriente
387,,Crédito,49,386.0,lado,credito,False,False,1,False,5,Cuenta corriente
388,,Débito,49,386.0,lado,debito,False,False,1,False,5,Cuenta corriente
389,1.C.2.0.3,Prestaciones sociales,44,382.0,partida,,False,True,1,False,4,Cuenta corriente
390,,Crédito,49,389.0,lado,credito,False,False,1,False,5,Cuenta corriente
391,,Débito,49,389.0,lado,debito,False,False,1,False,5,Cuenta corriente
392,1.C.2.0.4,Primas netas de seguros no de vida,44,382.0,partida,,False,True,1,False,4,Cuenta corriente
393,,Crédito,49,392.0,lado,credito,False,False,1,False,5,Cuenta corriente
394,,Débito,49,392.0,lado,debito,False,False,1,False,5,Cuenta corriente
395,1.C.2.0.5,Indemnizaciones de seguros no de vida,44,382.0,partida,,False,True,1,False,4,Cuenta corriente
396,,Crédito,49,395.0,lado,credito,False,False,1,False,5,Cuenta corriente
397,,Débito,49,395.0,lado,debito,False,False,1,False,5,Cuenta corriente
398,1.C.2.0.6,Cooperación internacional corriente,44,382.0,partida,,False,True,1,False,4,Cuenta corriente
399,,Crédito,49,398.0,lado,credito,False,False,1,False,5,Cuenta corriente
400,,Débito,49,398.0,lado,debito,False,False,1,False,5,Cuenta corriente
401,1.C.2.0.7,Transferencias corrientes diversas,44,382.0,partida,,False,True,1,False,4,Cuenta corriente
402,,Crédito,49,401.0,lado,credito,False,False,1,False,5,Cuenta corriente
403,,Débito,49,401.0,lado,debito,False,False,1,False,5,Cuenta corriente
404,1.C.2.0.7.1,De las cuales: Transferencias corrientes a las ISFLSH,54,401.0,partida,,True,True,1,False,5,Cuenta corriente
405,,Crédito,59,404.0,lado,credito,False,False,1,False,6,Cuenta corriente
406,,Débito,59,404.0,lado,debito,False,False,1,False,6,Cuenta corriente
407,1.C.3,Ajuste por cambio de los derechos jubilatorios,24,353.0,partida,,False,False,1,False,2,Cuenta corriente
408,,Crédito,29,407.0,lado,credito,False,False,1,False,3,Cuenta corriente
409,,Débito,29,407.0,lado,debito,False,False,1,False,3,Cuenta corriente
443,3,Cuenta financiera,4,,partida,,False,False,3,False,0,Cuenta financiera
444,3.1,Inversión directa,14,443.0,partida,,False,False,3,False,1,Cuenta financiera
445,,Adquisición neta de activos financieros,19,444.0,lado,activos,False,False,3,False,2,Cuenta financiera
446,3.1.1,Participaciones de capital y participaciones en fondos de inversión,24,445.0,partida,activos,False,False,3,False,3,Cuenta financiera
447,3.1.1.1,Participaciones de capital distintas de reinversión de utilidades,34,446.0,partida,activos,False,False,3,False,4,Cuenta financiera
448,3.1.1.1.1,Inversionista directo en empresas de inversión directa,44,447.0,partida,activos,False,False,3,False,5,Cuenta financiera
449,3.1.1.1.2,Empresas de inversión directa en inversionista directo (inversión en sentido contrario),44,447.0,partida,activos,False,False,3,False,5,Cuenta financiera
450,3.1.1.1.3,Entre empresas emparentadas,44,447.0,partida,activos,False,False,3,False,5,Cuenta financiera
451,3.1.1.1.3.1,si la casa matriz que ejerce el control final es residente,54,450.0,partida,activos,False,False,3,False,6,Cuenta financiera
452,3.1.1.1.3.2,si la casa matriz que ejerce el control final es no residente,54,450.0,partida,activos,False,False,3,False,6,Cuenta financiera
453,3.1.1.1.3.3,si se desconoce la casa matriz que ejerce el control final,54,450.0,partida,activos,False,False,3,False,6,Cuenta financiera
454,3.1.1.2,Reinversión de utilidades,34,446.0,partida,activos,False,False,3,False,4,Cuenta financiera
455,3.1.1.0.1,De las cuales: Participaciones/unidades de fondos de inversión,44,454.0,partida,activos,True,True,3,False,5,Cuenta financiera
456,3.1.1.0.1.1,De las cuales: Participaciones/unidades de fondos del mercado monetario,54,455.0,partida,activos,True,True,3,False,6,Cuenta financiera
457,3.1.2,Instrumentos de deuda,24,445.0,partida,activos,False,False,3,False,3,Cuenta financiera
458,3.1.2.1,Derechos de los inversionistas directos sobre empresas de inversión directa,34,457.0,partida,activos,False,False,3,False,4,Cuenta financiera
459,3.1.2.2,Derechos de las empresas de inversión directa sobre inversionistas directos (inversión en sentido contrario),34,457.0,partida,activos,False,False,3,False,4,Cuenta financiera
460,3.1.2.3,Entre empresas emparentadas,34,457.0,partida,activos,False,False,3,False,4,Cuenta financiera
461,3.1.2.3.1,si la casa matriz que ejerce el control final es residente,44,460.0,partida,activos,False,False,3,False,5,Cuenta financiera
462,3.1.2.3.2,si la casa matriz que ejerce el control final es no residente,44,460.0,partida,activos,False,False,3,False,5,Cuenta financiera
463,3.1.2.3.3,si se desconoce la casa matriz que ejerce el control final,44,460.0,partida,activos,False,False,3,False,5,Cuenta financiera
464,3.1.2.0,De las cuales: Títulos de deuda,34,457.0,partida,activos,True,True,3,False,4,Cuenta financiera
465,3.1.2.0.1,Derechos de los inversionistas directos sobre empresas de inversión directa,44,464.0,partida,activos,False,True,3,False,5,Cuenta financiera
466,3.1.2.0.2,Derechos de las empresas de inversión directa sobre inversionistas directos (inversión en sentido contrario),44,464.0,partida,activos,False,True,3,False,5,Cuenta financiera
467,3.1.2.0.3,Entre empresas emparentadas,44,464.0,partida,activos,False,True,3,False,5,Cuenta financiera
468,3.1.2.0.3.1,si la casa matriz que ejerce el control final es residente,54,467.0,partida,activos,False,True,3,False,6,Cuenta financiera
469,3.1.2.0.3.2,si la casa matriz que ejerce el control final es no residente,54,467.0,partida,activos,False,True,3,False,6,Cuenta financiera
470,3.1.2.0.3.3,si se desconoce la casa matriz que ejerce el control final,54,467.0,partida,activos,False,True,3,False,6,Cuenta financiera
471,,Pasivos netos incurridos,19,444.0,lado,pasivos,False,False,3,False,2,Cuenta financiera
472,3.1.1,Participaciones de capital y participaciones en fondos de inversión,24,471.0,partida,pasivos,False,False,3,False,3,Cuenta financiera
473,3.1.1.1,Participaciones de capital distintas de reinversión de utilidades,34,472.0,partida,pasivos,False,False,3,False,4,Cuenta financiera
474,3.1.1.1.1,Inversionista directo en empresas de inversión directa,44,473.0,partida,pasivos,False,False,3,False,5,Cuenta financiera
475,3.1.1.1.2,Empresas de inversión directa en inversionista directo (inversión en sentido contrario),44,473.0,partida,pasivos,False,False,3,False,5,Cuenta financiera
476,3.1.1.1.3,Entre empresas emparentadas,44,473.0,partida,pasivos,False,False,3,False,5,Cuenta financiera
477,3.1.1.1.3.1,si la casa matriz que ejerce el control final es residente,54,476.0,partida,pasivos,False,False,3,False,6,Cuenta financiera
478,3.1.1.1.3.2,si la casa matriz que ejerce el control final es no residente,54,476.0,partida,pasivos,False,False,3,False,6,Cuenta financiera
479,3.1.1.1.3.3,si se desconoce la casa matriz que ejerce el control final,54,476.0,partida,pasivos,False,False,3,False,6,Cuenta financiera
480,3.1.1.2,Reinversión de utilidades,34,472.0,partida,pasivos,False,False,3,False,4,Cuenta financiera
481,3.1.1.0.1,De las cuales: Participaciones/unidades de fondos de inversión,44,480.0,partida,pasivos,True,True,3,False,5,Cuenta financiera
482,3.1.1.0.1.1,De las cuales: Participaciones/unidades de fondos del mercado monetario,54,481.0,partida,pasivos,True,True,3,False,6,Cuenta financiera
483,3.1.2,Instrumentos de deuda,24,471.0,partida,pasivos,False,False,3,False,3,Cuenta financiera
484,3.1.2.1,Derechos de los inversionistas directos sobre empresas de inversión directa,34,483.0,partida,pasivos,False,False,3,False,4,Cuenta financiera
485,3.1.2.2,Derechos de las empresas de inversión directa sobre inversionistas directos (inversión en sentido contrario),34,483.0,partida,pasivos,False,False,3,False,4,Cuenta financiera
486,3.1.2.3,Entre empresas emparentadas,34,483.0,partida,pasivos,False,False,3,False,4,Cuenta financiera
487,3.1.2.3.1,si la casa matriz que ejerce el control final es residente,44,486.0,partida,pasivos,False,False,3,False,5,Cuenta financiera
488,3.1.2.3.2,si la casa matriz que ejerce el control final es no residente,44,486.0,partida,pasivos,False,False,3,False,5,Cuenta financiera
489,3.1.2.3.3,si se desconoce la casa matriz que ejerce el control final,44,486.0,partida,pasivos,False,False,3,False,5,Cuenta financiera
490,3.1.2.0,De las cuales: Títulos de deuda,34,483.0,partida,pasivos,True,True,3,False,4,Cuenta financiera
491,3.1.2.0.1,Derechos de los inversionistas directos sobre empresas de inversión directa,44,490.0,partida,pasivos,False,True,3,False,5,Cuenta financiera
492,3.1.2.0.2,Derechos de las empresas de inversión directa sobre inversionistas directos (inversión en sentido contrario),44,490.0,partida,pasivos,False,True,3,False,5,Cuenta financiera
493,3.1.2.0.3,Entre empresas emparentadas,44,490.0,partida,pasivos,False,True,3,False,5,Cuenta financiera
494,3.1.2.0.3.1,si la casa matriz que ejerce el control final es residente,54,493.0,partida,pasivos,False,True,3,False,6,Cuenta financiera
495,3.1.2.0.3.2,si la casa matriz que ejerce el control final es no residente,54,493.0,partida,pasivos,False,True,3,False,6,Cuenta financiera
496,3.1.2.0.3.3,si se desconoce la casa matriz que ejerce el control final,54,493.0,partida,pasivos,False,True,3,False,6,Cuenta financiera
497,3.2,Inversión de cartera,14,443.0,partida,,False,False,3,False,1,Cuenta financiera
498,,Adquisición neta de activos financieros,19,497.0,lado,activos,False,False,3,False,2,Cuenta financiera
499,3.2.1,Participaciones de capital y participaciones en fondos de inversión,24,498.0,partida,activos,False,False,3,False,3,Cuenta financiera
500,3.2.1.1,Banco central,34,499.0,partida,activos,False,False,3,False,4,Cuenta financiera
501,3.2.1.1.9,Autoridades monetarias (según corresponda),44,500.0,partida,activos,True,False,3,False,5,Cuenta financiera
502,3.2.1.3,Gobierno general,34,499.0,partida,activos,False,False,3,False,4,Cuenta financiera
503,3.2.1.2,"Sociedades captadoras de depósitos, excepto el banco central",34,499.0,partida,activos,False,False,3,False,4,Cuenta financiera
504,3.2.1.4,Otros sectores,34,499.0,partida,activos,False,False,3,False,4,Cuenta financiera
505,3.2.1.4.1,Otras sociedades financieras,44,504.0,partida,activos,False,False,3,False,5,Cuenta financiera
506,3.2.1.4.2,"Sociedades no financieras, hogares e ISFLSH",44,504.0,partida,activos,False,False,3,False,5,Cuenta financiera
507,3.2.1.0.1,Participaciones en el capital distintas de participaciones en fondos de inversión,44,504.0,partida,activos,False,True,3,False,5,Cuenta financiera
508,3.2.1.0.1.1,Inscritos en Bolsa,54,507.0,partida,activos,False,True,3,False,6,Cuenta financiera
509,3.2.1.0.1.2,No inscritos en Bolsa,54,507.0,partida,activos,False,True,3,False,6,Cuenta financiera
510,3.2.1.0.2,Participaciones/unidades de fondos de inversión,44,504.0,partida,activos,False,True,3,False,5,Cuenta financiera
511,3.2.1.0.2.1,De las cuales: Reinversión de utilidades,54,510.0,partida,activos,True,True,3,False,6,Cuenta financiera
512,3.2.1.0.2.0.1,De las cuales: Participaciones/unidades de fondos del mercado monetario,64,511.0,partida,activos,True,True,3,False,7,Cuenta financiera
513,3.2.2,Títulos de deuda,24,498.0,partida,activos,False,False,3,False,3,Cuenta financiera
514,3.2.2.1,Banco central,34,513.0,partida,activos,False,False,3,False,4,Cuenta financiera
515,3.2.2.1.1,Corto plazo,44,514.0,partida,activos,False,False,3,False,5,Cuenta financiera
516,3.2.2.1.2,Largo plazo,44,514.0,partida,activos,False,False,3,False,5,Cuenta financiera
517,3.2.2.1.9,Autoridades monetarias (según corresponda),44,514.0,partida,activos,True,False,3,False,5,Cuenta financiera
518,3.2.1.1.9.1,Corto plazo,54,517.0,partida,activos,False,False,3,False,6,Cuenta financiera
519,3.2.1.1.9.2,Largo plazo,54,517.0,partida,activos,False,False,3,False,6,Cuenta financiera
520,3.2.2.2,"Sociedades captadoras de depósitos, excepto el banco central",34,513.0,partida,activos,False,False,3,False,4,Cuenta financiera
521,3.2.2.2.1,Corto plazo,44,520.0,partida,activos,False,False,3,False,5,Cuenta financiera
522,3.2.2.2.2,Largo plazo,44,520.0,partida,activos,False,False,3,False,5,Cuenta financiera
523,3.2.2.3,Gobierno general,34,513.0,partida,activos,False,False,3,False,4,Cuenta financiera
524,3.2.2.3.1,Corto plazo,44,523.0,partida,activos,False,False,3,False,5,Cuenta financiera
525,3.2.2.3.2,Largo plazo,44,523.0,partida,activos,False,False,3,False,5,Cuenta financiera
526,3.2.2.4,Otros sectores,34,513.0,partida,activos,False,False,3,False,4,Cuenta financiera
527,3.2.2.4.0.1,Corto plazo,54,526.0,partida,activos,False,True,3,False,5,Cuenta financiera
528,3.2.2.4.0.2,Largo plazo,54,526.0,partida,activos,False,True,3,False,5,Cuenta financiera
529,3.2.2.4.1,Otras sociedades financieras,44,526.0,partida,activos,False,False,3,False,5,Cuenta financiera
530,3.2.2.4.1.1,Corto plazo,54,529.0,partida,activos,False,False,3,False,6,Cuenta financiera
531,3.2.2.4.1.2,Largo plazo,54,529.0,partida,activos,False,False,3,False,6,Cuenta financiera
532,3.2.2.4.2,"Sociedades no financieras, hogares e ISFLSH",44,526.0,partida,activos,False,False,3,False,5,Cuenta financiera
533,3.2.2.4.2.1,Corto plazo,54,532.0,partida,activos,False,False,3,False,6,Cuenta financiera
534,3.2.2.4.2.2,Largo plazo,54,532.0,partida,activos,False,False,3,False,6,Cuenta financiera
535,,Pasivos netos incurridos,19,497.0,lado,pasivos,False,False,3,False,2,Cuenta financiera
536,3.2.1,Participaciones de capital y participaciones en fondos de inversión,24,535.0,partida,pasivos,False,False,3,False,3,Cuenta financiera
537,3.2.1.1,Banco central,34,536.0,partida,pasivos,False,False,3,False,4,Cuenta financiera
538,3.2.1.1.9,Autoridades monetarias (según corresponda),44,537.0,partida,pasivos,True,False,3,False,5,Cuenta financiera
539,3.2.1.3,Gobierno general,34,536.0,partida,pasivos,False,False,3,False,4,Cuenta financiera
540,3.2.1.2,"Sociedades captadoras de depósitos, excepto el banco central",34,536.0,partida,pasivos,False,False,3,False,4,Cuenta financiera
541,3.2.1.4,Otros sectores,34,536.0,partida,pasivos,False,False,3,False,4,Cuenta financiera
542,3.2.1.4.1,Otras sociedades financieras,44,541.0,partida,pasivos,False,False,3,False,5,Cuenta financiera
543,3.2.1.4.2,"Sociedades no financieras, hogares e ISFLSH",44,541.0,partida,pasivos,False,False,3,False,5,Cuenta financiera
544,3.2.1.0.1,Participaciones en el capital distintas de participaciones en fondos de inversión,44,541.0,partida,pasivos,False,True,3,False,5,Cuenta financiera
545,3.2.1.0.1.1,Inscritos en Bolsa,54,544.0,partida,pasivos,False,True,3,False,6,Cuenta financiera
546,3.2.1.0.1.2,No inscritos en Bolsa,54,544.0,partida,pasivos,False,True,3,False,6,Cuenta financiera
547,3.2.1.0.2,Participaciones/unidades de fondos de inversión,44,541.0,partida,pasivos,False,True,3,False,5,Cuenta financiera
548,3.2.1.0.2.1,De las cuales: Reinversión de utilidades,54,547.0,partida,pasivos,True,True,3,False,6,Cuenta financiera
549,3.2.1.0.2.0.1,De las cuales: Participaciones/unidades de fondos del mercado monetario,64,548.0,partida,pasivos,True,True,3,False,7,Cuenta financiera
550,3.2.2,Títulos de deuda,24,535.0,partida,pasivos,False,False,3,False,3,Cuenta financiera
551,3.2.2.1,Banco central,34,550.0,partida,pasivos,False,False,3,False,4,Cuenta financiera
552,3.2.2.1.1,Corto plazo,44,551.0,partida,pasivos,False,False,3,False,5,Cuenta financiera
553,3.2.2.1.2,Largo plazo,44,551.0,partida,pasivos,False,False,3,False,5,Cuenta financiera
554,3.2.2.1.9,Autoridades monetarias (según corresponda),44,551.0,partida,pasivos,True,False,3,False,5,Cuenta financiera
555,3.2.1.1.9.1,Corto plazo,54,554.0,partida,pasivos,False,False,3,False,6,Cuenta financiera
556,3.2.1.1.9.2,Largo plazo,54,554.0,partida,pasivos,False,False,3,False,6,Cuenta financiera
557,3.2.2.2,"Sociedades captadoras de depósitos, excepto el banco central",34,550.0,partida,pasivos,False,False,3,False,4,Cuenta financiera
558,3.2.2.2.1,Corto plazo,44,557.0,partida,pasivos,False,False,3,False,5,Cuenta financiera
559,3.2.2.2.2,Largo plazo,44,557.0,partida,pasivos,False,False,3,False,5,Cuenta financiera
560,3.2.2.3,Gobierno general,34,550.0,partida,pasivos,False,False,3,False,4,Cuenta financiera
561,3.2.2.3.1,Corto plazo,44,560.0,partida,pasivos,False,False,3,False,5,Cuenta financiera
562,3.2.2.3.2,Largo plazo,44,560.0,partida,pasivos,False,False,3,False,5,Cuenta financiera
563,3.2.2.3.2.1,De las cuales: en el mercado local,54,562.0,partida,pasivos,True,False,3,False,6,Cuenta financiera
564,3.2.2.3.2.2,De las cuales: en los mercados internacionales,54,562.0,partida,pasivos,True,False,3,False,6,Cuenta financiera
565,3.2.2.4,Otros sectores,34,550.0,partida,pasivos,False,False,3,False,4,Cuenta financiera
566,3.2.2.4.0.1,Corto plazo,54,565.0,partida,pasivos,False,True,3,False,5,Cuenta financiera
567,3.2.2.4.0.2,Largo plazo,54,565.0,partida,pasivos,False,True,3,False,5,Cuenta financiera
568,3.2.2.4.1,Otras sociedades financieras,44,565.0,partida,pasivos,False,False,3,False,5,Cuenta financiera
569,3.2.2.4.1.1,Corto plazo,54,568.0,partida,pasivos,False,False,3,False,6,Cuenta financiera
570,3.2.2.4.1.2,Largo plazo,54,568.0,partida,pasivos,False,False,3,False,6,Cuenta financiera
571,3.2.2.4.2,"Sociedades no financieras, hogares e ISFLSH",44,565.0,partida,pasivos,False,False,3,False,5,Cuenta financiera
572,3.2.2.4.2.1,Corto plazo,54,571.0,partida,pasivos,False,False,3,False,6,Cuenta financiera
573,3.2.2.4.2.2,Largo plazo,54,571.0,partida,pasivos,False,False,3,False,6,Cuenta financiera
574,3.3,Derivados financieros (distintos de reservas) y opciones de compra de acciones por parte de empleados,14,443.0,partida,,False,False,3,False,1,Cuenta financiera
575,3.3.1,Banco central,24,574.0,partida,,False,False,3,True,2,Cuenta financiera
576,3.3.1.9,Autoridades monetarias (según corresponda),34,575.0,partida,,True,False,3,False,3,Cuenta financiera
577,3.3.2,"Sociedades captadoras de depósitos, excepto el banco central",24,574.0,partida,,False,False,3,True,2,Cuenta financiera
578,3.3.3,Gobierno general,24,574.0,partida,,False,False,3,True,2,Cuenta financiera
579,3.3.4,Otros sectores,24,574.0,partida,,False,False,3,True,2,Cuenta financiera
580,3.3.4.1,Otras sociedades financieras,34,579.0,partida,,False,False,3,False,3,Cuenta financiera
581,3.3.4.2,"Sociedades no financieras, hogares e ISFLSH",34,579.0,partida,,False,False,3,False,3,Cuenta financiera
582,,Adquisición neta de activos financieros,19,574.0,lado,activos,False,False,3,False,2,Cuenta financiera
583,3.3.1,Banco central,24,582.0,partida,activos,False,False,3,False,3,Cuenta financiera
584,3.3.1.9,Autoridades monetarias (según corresponda),34,583.0,partida,activos,True,False,3,False,4,Cuenta financiera
585,3.3.2,"Sociedades captadoras de depósitos, excepto el banco central",24,582.0,partida,activos,False,False,3,False,3,Cuenta financiera
586,3.3.3,Gobierno general,24,582.0,partida,activos,False,False,3,False,3,Cuenta financiera
587,3.3.4,Otros sectores,24,582.0,partida,activos,False,False,3,False,3,Cuenta financiera
588,3.3.4.1,Otras sociedades financieras,34,587.0,partida,activos,False,False,3,False,4,Cuenta financiera
589,3.3.4.2,"Sociedades no financieras, hogares e ISFLSH",34,587.0,partida,activos,False,False,3,False,4,Cuenta financiera
590,3.3.0.1,Derivados financieros (distintos de reservas),34,587.0,partida,activos,False,True,3,False,4,Cuenta financiera
591,3.3.0.1.1,Opciones,44,590.0,partida,activos,False,True,3,False,5,Cuenta financiera
592,3.3.0.1.2,Contratos a término (Forwards),44,590.0,partida,activos,False,True,3,False,5,Cuenta financiera
593,3.3.0.2,Opciones de compra de acciones por parte de empleados,34,587.0,partida,activos,False,True,3,False,4,Cuenta financiera
594,,Pasivos netos incurridos,19,574.0,lado,pasivos,False,False,3,False,2,Cuenta financiera
595,3.3.1,Banco central,24,594.0,partida,pasivos,False,False,3,False,3,Cuenta financiera
596,3.3.1.9,Autoridades monetarias (según corresponda),34,595.0,partida,pasivos,True,False,3,False,4,Cuenta financiera
597,3.3.2,"Sociedades captadoras de depósitos, excepto el banco central",24,594.0,partida,pasivos,False,False,3,False,3,Cuenta financiera
598,3.3.3,Gobierno general,24,594.0,partida,pasivos,False,False,3,False,3,Cuenta financiera
599,3.3.4,Otros sectores,24,594.0,partida,pasivos,False,False,3,False,3,Cuenta financiera
600,3.3.4.1,Otras sociedades financieras,34,599.0,partida,pasivos,False,False,3,False,4,Cuenta financiera
601,3.3.4.2,"Sociedades no financieras, hogares e ISFLSH",34,599.0,partida,pasivos,False,False,3,False,4,Cuenta financiera
602,3.3.0.1,Derivados financieros (distintos de reservas),34,599.0,partida,pasivos,False,True,3,False,4,Cuenta financiera
603,3.3.0.1.1,Opciones,44,602.0,partida,pasivos,False,True,3,False,5,Cuenta financiera
604,3.3.0.1.2,Contratos a término (Forwards),44,602.0,partida,pasivos,False,True,3,False,5,Cuenta financiera
605,3.3.0.2,Opciones de compra de acciones por parte de empleados,34,599.0,partida,pasivos,False,True,3,False,4,Cuenta financiera
606,3.4,Otra inversión,14,443.0,partida,,False,False,3,False,1,Cuenta financiera
607,,Adquisición neta de activos financieros,19,606.0,lado,activos,False,True,3,False,2,Cuenta financiera
608,,Pasivos netos incurridos,19,606.0,lado,pasivos,False,True,3,False,2,Cuenta financiera
609,3.4.1,Otras participaciones de capital,24,606.0,partida,,False,False,3,False,2,Cuenta financiera
610,,Adquisición neta de activos financieros,29,609.0,lado,activos,False,False,3,False,3,Cuenta financiera
611,,Pasivos netos incurridos,29,609.0,lado,pasivos,False,False,3,False,3,Cuenta financiera
612,3.4.2,Moneda y depósitos,24,606.0,partida,,False,False,3,False,2,Cuenta financiera
613,,Adquisición neta de activos financieros,29,612.0,lado,activos,False,False,3,False,3,Cuenta financiera
614,3.4.2.1,Banco central,34,613.0,partida,activos,False,False,3,False,4,Cuenta financiera
615,3.4.2.1.1,Corto plazo,44,614.0,partida,activos,False,False,3,False,5,Cuenta financiera
616,3.4.2.1.2,Largo plazo,44,614.0,partida,activos,False,False,3,False,5,Cuenta financiera
617,3.4.2.1.9,Autoridades monetarias (según corresponda),44,614.0,partida,activos,True,False,3,False,5,Cuenta financiera
618,3.4.2.1.9.1,Corto plazo,54,617.0,partida,activos,False,False,3,False,6,Cuenta financiera
619,3.4.2.1.9.2,Largo plazo,54,617.0,partida,activos,False,False,3,False,6,Cuenta financiera
620,3.4.2.2,"Sociedades captadoras de depósitos, excepto el banco central",34,613.0,partida,activos,False,False,3,False,4,Cuenta financiera
621,3.4.2.2.0.1,De las cuales: Posiciones interbancarias,54,620.0,partida,activos,True,True,3,False,5,Cuenta financiera
622,3.4.2.2.1,Corto plazo,44,620.0,partida,activos,False,False,3,False,5,Cuenta financiera
623,3.4.2.2.2,Largo plazo,44,620.0,partida,activos,False,False,3,False,5,Cuenta financiera
624,3.4.2.3,Gobierno general,34,613.0,partida,activos,False,False,3,False,4,Cuenta financiera
625,3.4.2.3.1,Corto plazo,44,624.0,partida,activos,False,False,3,False,5,Cuenta financiera
626,3.4.2.3.2,Largo plazo,44,624.0,partida,activos,False,False,3,False,5,Cuenta financiera
627,3.4.2.4,Otros sectores,34,613.0,partida,activos,False,False,3,False,4,Cuenta financiera
628,3.4.2.4.0.1,Corto plazo,54,627.0,partida,activos,False,True,3,False,5,Cuenta financiera
629,3.4.2.4.0.2,Largo plazo,54,627.0,partida,activos,False,True,3,False,5,Cuenta financiera
630,3.4.2.4.1,Otras sociedades financieras,44,627.0,partida,activos,False,False,3,False,5,Cuenta financiera
631,3.4.2.4.1.1,Corto plazo,54,630.0,partida,activos,False,False,3,False,6,Cuenta financiera
632,3.4.2.4.1.2,Largo plazo,54,630.0,partida,activos,False,False,3,False,6,Cuenta financiera
633,3.4.2.4.2,"Sociedades no financieras, hogares e ISFLSH",44,627.0,partida,activos,False,False,3,False,5,Cuenta financiera
634,3.4.2.4.2.1,Corto plazo,54,633.0,partida,activos,False,False,3,False,6,Cuenta financiera
635,3.4.2.4.2.2,Largo plazo,54,633.0,partida,activos,False,False,3,False,6,Cuenta financiera
636,,Pasivos netos incurridos,29,612.0,lado,pasivos,False,False,3,False,3,Cuenta financiera
637,3.4.2.1,Banco central,34,636.0,partida,pasivos,False,False,3,False,4,Cuenta financiera
638,3.4.2.1.1,Corto plazo,44,637.0,partida,pasivos,False,False,3,False,5,Cuenta financiera
639,3.4.2.1.2,Largo plazo,44,637.0,partida,pasivos,False,False,3,False,5,Cuenta financiera
640,3.4.2.1.9,Autoridades monetarias (según corresponda),44,637.0,partida,pasivos,True,False,3,False,5,Cuenta financiera
641,3.4.2.1.9.1,Corto plazo,54,640.0,partida,pasivos,False,False,3,False,6,Cuenta financiera
642,3.4.2.1.9.2,Largo plazo,54,640.0,partida,pasivos,False,False,3,False,6,Cuenta financiera
643,3.4.2.2,"Sociedades captadoras de depósitos, excepto el banco central",34,636.0,partida,pasivos,False,False,3,False,4,Cuenta financiera
644,3.4.2.2.0.1,Corto plazo,54,643.0,partida,pasivos,False,True,3,False,5,Cuenta financiera
645,3.4.2.2.1,Largo plazo,44,643.0,partida,pasivos,False,False,3,False,5,Cuenta financiera
646,3.4.2.2.2,De las cuales: posiciones interbancarias,44,643.0,partida,pasivos,True,False,3,False,5,Cuenta financiera
647,3.4.2.3,Gobierno general,34,636.0,partida,pasivos,False,False,3,False,4,Cuenta financiera
648,3.4.2.3.1,Corto plazo,44,647.0,partida,pasivos,False,False,3,False,5,Cuenta financiera
649,3.4.2.3.2,Largo plazo,44,647.0,partida,pasivos,False,False,3,False,5,Cuenta financiera
650,3.4.2.4,Otros sectores,34,636.0,partida,pasivos,False,False,3,False,4,Cuenta financiera
651,3.4.2.4.0.1,Corto plazo,54,650.0,partida,pasivos,False,True,3,False,5,Cuenta financiera
652,3.4.2.4.0.2,Largo plazo,54,650.0,partida,pasivos,False,True,3,False,5,Cuenta financiera
653,3.4.2.4.1,Otras sociedades financieras,44,650.0,partida,pasivos,False,False,3,False,5,Cuenta financiera
654,3.4.2.4.1.1,Corto plazo,54,653.0,partida,pasivos,False,False,3,False,6,Cuenta financiera
655,3.4.2.4.1.2,Largo plazo,54,653.0,partida,pasivos,False,False,3,False,6,Cuenta financiera
656,3.4.2.4.2,"Sociedades no financieras, hogares e ISFLSH",44,650.0,partida,pasivos,False,False,3,False,5,Cuenta financiera
657,3.4.2.4.2.1,Corto plazo,54,656.0,partida,pasivos,False,False,3,False,6,Cuenta financiera
658,3.4.2.4.2.2,Largo plazo,54,656.0,partida,pasivos,False,False,3,False,6,Cuenta financiera
659,3.4.3,Préstamos,24,606.0,partida,,False,False,3,False,2,Cuenta financiera
660,,Adquisición neta de activos financieros,29,659.0,lado,activos,False,False,3,False,3,Cuenta financiera
661,3.4.3.1,Banco central,34,660.0,partida,activos,False,False,3,False,4,Cuenta financiera
662,3.4.3.1.1,Crédito y préstamos del FMI (distintos de reservas),44,661.0,partida,activos,False,False,3,False,5,Cuenta financiera
663,3.4.3.1.2,Otros a corto plazo,44,661.0,partida,activos,False,False,3,False,5,Cuenta financiera
664,3.4.3.1.3,Otros a largo plazo,44,661.0,partida,activos,False,False,3,False,5,Cuenta financiera
665,3.4.3.1.9,Autoridades monetarias (según corresponda),44,661.0,partida,activos,True,False,3,False,5,Cuenta financiera
666,3.4.3.1.9.1,Crédito y préstamos del FMI (distintos de reservas),54,665.0,partida,activos,False,False,3,False,6,Cuenta financiera
667,3.4.3.1.9.2,Otros a corto plazo,54,665.0,partida,activos,False,False,3,False,6,Cuenta financiera
668,3.4.3.1.9.3,Otros a largo plazo,54,665.0,partida,activos,False,False,3,False,6,Cuenta financiera
669,3.4.3.2,"Sociedades captadoras de depósitos, excepto el banco central",34,660.0,partida,activos,False,False,3,False,4,Cuenta financiera
670,3.4.3.2.1,Corto plazo,44,669.0,partida,activos,False,False,3,False,5,Cuenta financiera
671,3.4.3.2.2,Largo plazo,44,669.0,partida,activos,False,False,3,False,5,Cuenta financiera
672,3.4.3.3,Gobierno general,34,660.0,partida,activos,False,False,3,False,4,Cuenta financiera
673,3.4.3.3.1,Crédito y préstamos del FMI (distintos de reservas),44,672.0,partida,activos,False,False,3,False,5,Cuenta financiera
674,3.4.3.3.2,Otros a corto plazo,44,672.0,partida,activos,False,False,3,False,5,Cuenta financiera
675,3.4.3.3.3,Otros a largo plazo,44,672.0,partida,activos,False,False,3,False,5,Cuenta financiera
676,3.4.3.4,Otros sectores,34,660.0,partida,activos,False,False,3,False,4,Cuenta financiera
677,3.4.3.4.0.1,Corto plazo,54,676.0,partida,activos,False,True,3,False,5,Cuenta financiera
678,3.4.3.4.0.2,Largo plazo,54,676.0,partida,activos,False,True,3,False,5,Cuenta financiera
679,3.4.3.4.1,Otras sociedades financieras,44,676.0,partida,activos,False,False,3,False,5,Cuenta financiera
680,3.4.2.4.1.1,Corto plazo,54,679.0,partida,activos,False,False,3,False,6,Cuenta financiera
681,3.4.2.4.1.2,Largo plazo,54,679.0,partida,activos,False,False,3,False,6,Cuenta financiera
682,3.4.3.4.2,"Sociedades no financieras, hogares e ISFLSH",44,676.0,partida,activos,False,False,3,False,5,Cuenta financiera
683,3.4.3.4.2.1,Corto plazo,54,682.0,partida,activos,False,False,3,False,6,Cuenta financiera
684,3.4.3.4.2.2,Largo plazo,54,682.0,partida,activos,False,False,3,False,6,Cuenta financiera
685,,Pasivos netos incurridos,29,659.0,lado,pasivos,False,False,3,False,3,Cuenta financiera
686,3.4.3.1,Banco central,34,685.0,partida,pasivos,False,False,3,False,4,Cuenta financiera
687,3.4.3.1.1,Crédito y préstamos del FMI (distintos de reservas),44,686.0,partida,pasivos,False,False,3,False,5,Cuenta financiera
688,3.4.3.1.2,Otros a corto plazo,44,686.0,partida,pasivos,False,False,3,False,5,Cuenta financiera
689,3.4.3.1.3,Otros a largo plazo,44,686.0,partida,pasivos,False,False,3,False,5,Cuenta financiera
690,3.4.3.1.9,Autoridades monetarias (según corresponda),44,686.0,partida,pasivos,True,False,3,False,5,Cuenta financiera
691,3.4.3.1.9.1,Crédito y préstamos del FMI (distintos de reservas),54,690.0,partida,pasivos,False,False,3,False,6,Cuenta financiera
692,3.4.3.1.9.2,Otros a corto plazo,54,690.0,partida,pasivos,False,False,3,False,6,Cuenta financiera
693,3.4.3.1.9.3,Otros a largo plazo,54,690.0,partida,pasivos,False,False,3,False,6,Cuenta financiera
694,3.4.3.2,"Sociedades captadoras de depósitos, excepto el banco central",34,685.0,partida,pasivos,False,False,3,False,4,Cuenta financiera
695,3.4.3.2.1,Corto plazo,44,694.0,partida,pasivos,False,False,3,False,5,Cuenta financiera
696,3.4.3.2.2,Largo plazo,44,694.0,partida,pasivos,False,False,3,False,5,Cuenta financiera
697,3.4.3.3,Gobierno general,34,685.0,partida,pasivos,False,False,3,False,4,Cuenta financiera
698,3.4.3.3.1,Crédito y préstamos del FMI (distintos de reservas),44,697.0,partida,pasivos,False,False,3,False,5,Cuenta financiera
699,3.4.3.3.2,Otros a corto plazo,44,697.0,partida,pasivos,False,False,3,False,5,Cuenta financiera
700,3.4.3.3.3,Otros a largo plazo,44,697.0,partida,pasivos,False,False,3,False,5,Cuenta financiera
701,3.4.3.4,Otros sectores,34,685.0,partida,pasivos,False,False,3,False,4,Cuenta financiera
702,3.4.3.4.0.1,Corto plazo,54,701.0,partida,pasivos,False,True,3,False,5,Cuenta financiera
703,3.4.3.4.0.2,Largo plazo,54,701.0,partida,pasivos,False,True,3,False,5,Cuenta financiera
704,3.4.3.4.1,Otras sociedades financieras,44,701.0,partida,pasivos,False,False,3,False,5,Cuenta financiera
705,3.4.2.4.1.1,Corto plazo,54,704.0,partida,pasivos,False,False,3,False,6,Cuenta financiera
706,3.4.2.4.1.2,Largo plazo,54,704.0,partida,pasivos,False,False,3,False,6,Cuenta financiera
707,3.4.3.4.2,"Sociedades no financieras, hogares e ISFLSH",44,701.0,partida,pasivos,False,False,3,False,5,Cuenta financiera
708,3.4.3.4.2.1,Corto plazo,54,707.0,partida,pasivos,False,False,3,False,6,Cuenta financiera
709,3.4.3.4.2.2,Largo plazo,54,707.0,partida,pasivos,False,False,3,False,6,Cuenta financiera
710,3.4.4,"Seguros, pensiones y mecanismos normalizados de garantía",24,606.0,partida,,False,False,3,False,2,Cuenta financiera
711,,Adquisición neta de activos financieros,29,710.0,lado,activos,False,False,3,False,3,Cuenta financiera
712,3.4.4.1,Banco central,34,711.0,partida,activos,False,False,3,False,4,Cuenta financiera
713,3.4.4.1.9,Autoridades monetarias (según corresponda),44,712.0,partida,activos,True,False,3,False,5,Cuenta financiera
714,3.4.4.2,"Sociedades captadoras de depósitos, excepto el banco central",34,711.0,partida,activos,False,False,3,False,4,Cuenta financiera
715,3.4.4.3,Gobierno general,34,711.0,partida,activos,False,False,3,False,4,Cuenta financiera
716,3.4.4.4,Otros sectores,34,711.0,partida,activos,False,False,3,False,4,Cuenta financiera
717,3.4.4.4.1,Otras sociedades financieras,44,716.0,partida,activos,False,False,3,False,5,Cuenta financiera
718,3.4.4.4.2,"Sociedades no financieras, hogares e ISFLSH",44,716.0,partida,activos,False,False,3,False,5,Cuenta financiera
719,3.4.4.0.1,Reservas técnicas de seguros no de vida,44,716.0,partida,activos,False,True,3,False,5,Cuenta financiera
720,3.4.4.0.2,Seguros de vida y derechos a rentas vitalicias,44,716.0,partida,activos,False,True,3,False,5,Cuenta financiera
721,3.4.4.0.3,Derechos a prestaciones jubilatorias,44,716.0,partida,activos,False,True,3,False,5,Cuenta financiera
722,3.4.4.0.4,Derechos de fondos de pensiones sobre activos de sus patrocinadores,44,716.0,partida,activos,False,True,3,False,5,Cuenta financiera
723,3.4.4.0.5,Derechos a prestaciones no jubilatorias,44,716.0,partida,activos,False,True,3,False,5,Cuenta financiera
724,3.4.4.0.6,Provisiones para las peticiones de fondos en virtud de garantías normalizadas,44,716.0,partida,activos,False,True,3,False,5,Cuenta financiera
725,,Pasivos netos incurridos,29,710.0,lado,pasivos,False,False,3,False,3,Cuenta financiera
726,3.4.4.1,Banco central,34,725.0,partida,pasivos,False,False,3,False,4,Cuenta financiera
727,3.4.4.1.9,Autoridades monetarias (según corresponda),44,726.0,partida,pasivos,True,False,3,False,5,Cuenta financiera
728,3.4.4.2,"Sociedades captadoras de depósitos, excepto el banco central",34,725.0,partida,pasivos,False,False,3,False,4,Cuenta financiera
729,3.4.4.3,Gobierno general,34,725.0,partida,pasivos,False,False,3,False,4,Cuenta financiera
730,3.4.4.4,Otros sectores,34,725.0,partida,pasivos,False,False,3,False,4,Cuenta financiera
731,3.4.4.4.1,Otras sociedades financieras,44,730.0,partida,pasivos,False,False,3,False,5,Cuenta financiera
732,3.4.4.4.2,"Sociedades no financieras, hogares e ISFLSH",44,730.0,partida,pasivos,False,False,3,False,5,Cuenta financiera
733,3.4.4.0.1,Reservas técnicas de seguros no de vida,44,730.0,partida,pasivos,False,True,3,False,5,Cuenta financiera
734,3.4.4.0.2,Seguros de vida y derechos a rentas vitalicias,44,730.0,partida,pasivos,False,True,3,False,5,Cuenta financiera
735,3.4.4.0.3,Derechos a prestaciones jubilatorias,44,730.0,partida,pasivos,False,True,3,False,5,Cuenta financiera
736,3.4.4.0.4,Derechos de fondos de pensiones sobre activos de sus patrocinadores,44,730.0,partida,pasivos,False,True,3,False,5,Cuenta financiera
737,3.4.4.0.5,Derechos a prestaciones no jubilatorias,44,730.0,partida,pasivos,False,True,3,False,5,Cuenta financiera
738,3.4.4.0.6,Provisiones para las peticiones de fondos en virtud de garantías normalizadas,44,730.0,partida,pasivos,False,True,3,False,5,Cuenta financiera
739,3.4.5,Créditos y anticipos comerciales,24,606.0,partida,,False,False,3,False,2,Cuenta financiera
740,,Adquisición neta de activos financieros,29,739.0,lado,activos,False,False,3,False,3,Cuenta financiera
741,3.4.5.1,Banco central,34,740.0,partida,activos,False,False,3,False,4,Cuenta financiera
742,3.4.5.1.1,Corto plazo,44,741.0,partida,activos,False,False,3,False,5,Cuenta financiera
743,3.4.5.1.2,Largo plazo,44,741.0,partida,activos,False,False,3,False,5,Cuenta financiera
744,3.4.5.1.9,Autoridades monetarias (según corresponda),44,741.0,partida,activos,True,False,3,False,5,Cuenta financiera
745,3.4.5.1.9.1,Corto plazo,54,744.0,partida,activos,False,False,3,False,6,Cuenta financiera
746,3.4.5.1.9.2,Largo plazo,54,744.0,partida,activos,False,False,3,False,6,Cuenta financiera
747,3.4.5.3,"Sociedades captadoras de depósitos, excepto el banco central",34,740.0,partida,activos,False,False,3,False,4,Cuenta financiera
748,3.4.5.3.1,Corto plazo,44,747.0,partida,activos,False,False,3,False,5,Cuenta financiera
749,3.4.5.3.2,Largo plazo,44,747.0,partida,activos,False,False,3,False,5,Cuenta financiera
750,3.4.5.2,Gobierno general,34,740.0,partida,activos,False,False,3,False,4,Cuenta financiera
751,3.4.5.2.1,Corto plazo,44,750.0,partida,activos,False,False,3,False,5,Cuenta financiera
752,3.4.5.2.2,Largo plazo,44,750.0,partida,activos,False,False,3,False,5,Cuenta financiera
753,3.4.5.4,Otros sectores,34,740.0,partida,activos,False,False,3,False,4,Cuenta financiera
754,3.4.5.4.0.1,Corto plazo,54,753.0,partida,activos,False,True,3,False,5,Cuenta financiera
755,3.4.5.4.0.2,Largo plazo,54,753.0,partida,activos,False,True,3,False,5,Cuenta financiera
756,3.4.5.4.1,Otras sociedades financieras,44,753.0,partida,activos,False,False,3,False,5,Cuenta financiera
757,3.4.5.4.1.1,Corto plazo,54,756.0,partida,activos,False,False,3,False,6,Cuenta financiera
758,3.4.5.4.1.2,Largo plazo,54,756.0,partida,activos,False,False,3,False,6,Cuenta financiera
759,3.4.5.4.2,"Sociedades no financieras, hogares e ISFLSH",44,753.0,partida,activos,False,False,3,False,5,Cuenta financiera
760,3.4.5.4.2.1,Corto plazo,54,759.0,partida,activos,False,False,3,False,6,Cuenta financiera
761,3.4.5.4.2.2,Largo plazo,54,759.0,partida,activos,False,False,3,False,6,Cuenta financiera
762,,Pasivos netos incurridos,29,739.0,lado,pasivos,False,False,3,False,3,Cuenta financiera
763,3.4.5.1,Banco central,34,762.0,partida,pasivos,False,False,3,False,4,Cuenta financiera
764,3.4.5.1.1,Corto plazo,44,763.0,partida,pasivos,False,False,3,False,5,Cuenta financiera
765,3.4.5.1.2,Largo plazo,44,763.0,partida,pasivos,False,False,3,False,5,Cuenta financiera
766,3.4.5.1.9,Autoridades monetarias (según corresponda),44,763.0,partida,pasivos,True,False,3,False,5,Cuenta financiera
767,3.4.5.1.9.1,Corto plazo,54,766.0,partida,pasivos,False,False,3,False,6,Cuenta financiera
768,3.4.5.1.9.2,Largo plazo,54,766.0,partida,pasivos,False,False,3,False,6,Cuenta financiera
769,3.4.5.3,"Sociedades captadoras de depósitos, excepto el banco central",34,762.0,partida,pasivos,False,False,3,False,4,Cuenta financiera
770,3.4.5.3.1,Corto plazo,44,769.0,partida,pasivos,False,False,3,False,5,Cuenta financiera
771,3.4.5.3.2,Largo plazo,44,769.0,partida,pasivos,False,False,3,False,5,Cuenta financiera
772,3.4.5.2,Gobierno general,34,762.0,partida,pasivos,False,False,3,False,4,Cuenta financiera
773,3.4.5.2.1,Corto plazo,44,772.0,partida,pasivos,False,False,3,False,5,Cuenta financiera
774,3.4.5.2.2,Largo plazo,44,772.0,partida,pasivos,False,False,3,False,5,Cuenta financiera
775,3.4.5.4,Otros sectores,34,762.0,partida,pasivos,False,False,3,False,4,Cuenta financiera
776,3.4.5.4.0.1,Corto plazo,54,775.0,partida,pasivos,False,True,3,False,5,Cuenta financiera
777,3.4.5.4.0.2,Largo plazo,54,775.0,partida,pasivos,False,True,3,False,5,Cuenta financiera
778,3.4.5.4.1,Otras sociedades financieras,44,775.0,partida,pasivos,False,False,3,False,5,Cuenta financiera
779,3.4.5.4.1.1,Corto plazo,54,778.0,partida,pasivos,False,False,3,False,6,Cuenta financiera
780,3.4.5.4.1.2,Largo plazo,54,778.0,partida,pasivos,False,False,3,False,6,Cuenta financiera
781,3.4.5.4.2,"Sociedades no financieras, hogares e ISFLSH",44,775.0,partida,pasivos,False,False,3,False,5,Cuenta financiera
782,3.4.5.4.2.1,Corto plazo,54,781.0,partida,pasivos,False,False,3,False,6,Cuenta financiera
783,3.4.5.4.2.2,Largo plazo,54,781.0,partida,pasivos,False,False,3,False,6,Cuenta financiera
784,3.4.6,Otras cuentas por cobrar/por pagar ¿otros,24,606.0,partida,,False,False,3,False,2,Cuenta financiera
785,,Adquisición neta de activos financieros,29,784.0,lado,activos,False,False,3,False,3,Cuenta financiera
786,3.4.6.1,Banco central,34,785.0,partida,activos,False,False,3,False,4,Cuenta financiera
787,3.4.6.1.1,Corto plazo,44,786.0,partida,activos,False,False,3,False,5,Cuenta financiera
788,3.4.6.1.2,Largo plazo,44,786.0,partida,activos,False,False,3,False,5,Cuenta financiera
789,3.4.6.1.9,Autoridades monetarias (según corresponda),44,786.0,partida,activos,True,False,3,False,5,Cuenta financiera
790,3.4.6.1.9.1,Corto plazo,54,789.0,partida,activos,False,False,3,False,6,Cuenta financiera
791,3.4.6.1.9.2,Largo plazo,54,789.0,partida,activos,False,False,3,False,6,Cuenta financiera
792,3.4.6.2,"Sociedades captadoras de depósitos, excepto el banco central",34,785.0,partida,activos,False,False,3,False,4,Cuenta financiera
793,3.4.6.2.1,Corto plazo,44,792.0,partida,activos,False,False,3,False,5,Cuenta financiera
794,3.4.6.2.2,Largo plazo,44,792.0,partida,activos,False,False,3,False,5,Cuenta financiera
795,3.4.6.3,Gobierno general,34,785.0,partida,activos,False,False,3,False,4,Cuenta financiera
796,3.4.6.3.1,Corto plazo,44,795.0,partida,activos,False,False,3,False,5,Cuenta financiera
797,3.4.6.3.2,Largo plazo,44,795.0,partida,activos,False,False,3,False,5,Cuenta financiera
798,3.4.6.4,Otros sectores,34,785.0,partida,activos,False,False,3,False,4,Cuenta financiera
799,3.4.6.4.0.1,Corto plazo,54,798.0,partida,activos,False,True,3,False,5,Cuenta financiera
800,3.4.6.4.0.2,Largo plazo,54,798.0,partida,activos,False,True,3,False,5,Cuenta financiera
801,3.4.6.4.1,Otras sociedades financieras,44,798.0,partida,activos,False,False,3,False,5,Cuenta financiera
802,3.4.6.4.1.1,Corto plazo,54,801.0,partida,activos,False,False,3,False,6,Cuenta financiera
803,3.4.6.4.1.2,Largo plazo,54,801.0,partida,activos,False,False,3,False,6,Cuenta financiera
804,3.4.6.4.2,"Sociedades no financieras, hogares e ISFLSH",44,798.0,partida,activos,False,False,3,False,5,Cuenta financiera
805,3.4.6.4.2.1,Corto plazo,54,804.0,partida,activos,False,False,3,False,6,Cuenta financiera
806,3.4.6.4.2.2,Largo plazo,54,804.0,partida,activos,False,False,3,False,6,Cuenta financiera
807,,Pasivos netos incurridos,29,784.0,lado,pasivos,False,False,3,False,3,Cuenta financiera
808,3.4.6.1,Banco central,34,807.0,partida,pasivos,False,False,3,False,4,Cuenta financiera
809,3.4.6.1.1,Corto plazo,44,808.0,partida,pasivos,False,False,3,False,5,Cuenta financiera
810,3.4.6.1.2,Largo plazo,44,808.0,partida,pasivos,False,False,3,False,5,Cuenta financiera
811,3.4.6.1.9,Autoridades monetarias (según corresponda),44,808.0,partida,pasivos,True,False,3,False,5,Cuenta financiera
812,3.4.6.1.9.1,Corto plazo,54,811.0,partida,pasivos,False,False,3,False,6,Cuenta financiera
813,3.4.6.1.9.2,Largo plazo,54,811.0,partida,pasivos,False,False,3,False,6,Cuenta financiera
814,3.4.6.2,"Sociedades captadoras de depósitos, excepto el banco central",34,807.0,partida,pasivos,False,False,3,False,4,Cuenta financiera
815,3.4.6.2.1,Corto plazo,44,814.0,partida,pasivos,False,False,3,False,5,Cuenta financiera
816,3.4.6.2.2,Largo plazo,44,814.0,partida,pasivos,False,False,3,False,5,Cuenta financiera
817,3.4.6.3,Gobierno general,34,807.0,partida,pasivos,False,False,3,False,4,Cuenta financiera
818,3.4.6.3.1,Corto plazo,44,817.0,partida,pasivos,False,False,3,False,5,Cuenta financiera
819,3.4.6.3.2,Largo plazo,44,817.0,partida,pasivos,False,False,3,False,5,Cuenta financiera
820,3.4.6.4,Otros sectores,34,807.0,partida,pasivos,False,False,3,False,4,Cuenta financiera
821,3.4.6.4.0.1,Corto plazo,54,820.0,partida,pasivos,False,True,3,False,5,Cuenta financiera
822,3.4.6.4.0.2,Largo plazo,54,820.0,partida,pasivos,False,True,3,False,5,Cuenta financiera
823,3.4.6.4.1,Otras sociedades financieras,44,820.0,partida,pasivos,False,False,3,False,5,Cuenta financiera
824,3.4.6.4.1.1,Corto plazo,54,823.0,partida,pasivos,False,False,3,False,6,Cuenta financiera
825,3.4.6.4.1.2,Largo plazo,54,823.0,partida,pasivos,False,False,3,False,6,Cuenta financiera
826,3.4.6.4.2,"Sociedades no financieras, hogares e ISFLSH",44,820.0,partida,pasivos,False,False,3,False,5,Cuenta financiera
827,3.4.6.4.2.1,Corto plazo,54,826.0,partida,pasivos,False,False,3,False,6,Cuenta financiera
828,3.4.6.4.2.2,Largo plazo,54,826.0,partida,pasivos,False,False,3,False,6,Cuenta financiera
829,3.4.7,Derechos especiales de giro (Pasivos netos incurridos),24,606.0,partida,pasivos,False,False,3,False,2,Cuenta financiera
830,3.5,Activos de reserva,14,443.0,partida,activos,False,False,3,False,1,Cuenta financiera
831,3.5.1,Oro monetario,24,830.0,partida,activos,False,False,3,False,2,Cuenta financiera
832,3.5.1.1,Oro en lingotes,34,831.0,partida,activos,False,False,3,False,3,Cuenta financiera
833,3.5.1.2,Cuentas de oro no asignadas,34,831.0,partida,activos,False,False,3,False,3,Cuenta financiera
834,3.5.2,Derechos especiales de giro,24,830.0,partida,activos,False,False,3,False,2,Cuenta financiera
835,3.5.3,Posición de reserva en el FMI,24,830.0,partida,activos,False,False,3,False,2,Cuenta financiera
836,3.5.4,Otros activos de reserva,24,830.0,partida,activos,False,False,3,False,2,Cuenta financiera
837,3.5.4.1,Moneda y depósitos,34,836.0,partida,activos,False,False,3,False,3,Cuenta financiera
838,3.5.4.1.1,Derechos sobre activos de las autoridades monetarias,44,837.0,partida,activos,False,False,3,False,4,Cuenta financiera
839,3.5.4.1.2,Derechos sobre activos de otras entidades,44,837.0,partida,activos,False,False,3,False,4,Cuenta financiera
840,3.5.4.2,Títulos-valores,34,836.0,partida,activos,False,False,3,False,3,Cuenta financiera
841,3.5.4.2.1,Títulos de deuda,44,840.0,partida,activos,False,False,3,False,4,Cuenta financiera
842,3.5.4.2.1.1,Corto plazo,54,841.0,partida,activos,False,False,3,False,5,Cuenta financiera
843,3.5.4.2.1.2,Largo plazo,54,841.0,partida,activos,False,False,3,False,5,Cuenta financiera
844,3.5.4.2.2,Participaciones de capital y participaciones en fondos de inversión,44,840.0,partida,activos,False,False,3,False,4,Cuenta financiera
845,3.5.4.3,Derivados financieros,34,836.0,partida,activos,False,False,3,False,3,Cuenta financiera
846,3.5.4.4,Otros activos,34,836.0,partida,activos,False,False,3,False,3,Cuenta financiera
847,,Errores y omisiones netos,4,,partida,,False,False,EO,False,0,
848,,Memorándum Cuenta financiera excluyendo activos de reserva,0,,partida,,True,False,,False,0,
